post_id,person,username,account_type,caption,date,label
1,Hillary Clinton,hillaryclinton,politician,"“Hillary is the president we need for times like these. Equality for women, early education, and health care are just a few of the reasons I'm glad to be here to see her in person.” —Joseph from NYC",6/13/2015,0
2,Hillary Clinton,hillaryclinton,politician,"""I want every child to feel like he or she is a star, and every child to have a champion so that they have the best chances in life.""—Hillary in Hanover, New Hampshire with 3-year-old Louisa, who chose the perfect moment to make her stage debut.",7/6/2015,0
3,Hillary Clinton,hillaryclinton,politician,"95 years ago today, the ratification of the 19th Amendment brought women one step closer to winning the right to vote. Here’s to making history.",8/18/2015,0
4,Hillary Clinton,hillaryclinton,politician,Making being a nerd look cool since 1965. Happy first day of school to those headed back today!,8/24/2015,0
5,Hillary Clinton,hillaryclinton,politician,"We still have more work to do to make sure women earn equal pay and workers don't have to choose between keeping their jobs and caring for their families."" –Hillary at the Women for Hillary launch in New Hampshire today",9/5/2015,0
6,Hillary Clinton,hillaryclinton,politician,We need to believe again that we’re all in this together. We need to work to make sure that we give every child in America the same opportunities.,9/13/2015,0
7,Hillary Clinton,hillaryclinton,politician,"“It's time for us to say, wait a minute, we're better than this. Our country is better than this. And there are steps we can take that improve gun safety and further the prevention of violence by guns.” –Hillary earlier today in Manchester, NH",10/5/2015,0
8,Hillary Clinton,hillaryclinton,politician,"It’s almost Halloween! Steal Hillary’s iconic style, like this Donna Karan “cold shoulder” dress, with five DIY Hillary costumes on the blog (link in bio). 🎃",10/27/2015,0
9,Hillary Clinton,hillaryclinton,politician,"""We cannot allow terrorists to intimidate us into abandoning our values and humanitarian obligations. Turning away orphans, applying a religious test, discriminating against Muslims, slamming the door on every single Syrian refugee–that is just not who we are. We're better than that."" –Hillary",11/19/2015,0
10,Hillary Clinton,hillaryclinton,politician,"Today, President Obama awards Shirley Chisholm, the first African American woman elected to Congress, with the Presidential Medal of Freedom. Chisholm represented her native New York from 1969 to 1983, becoming a founding member of the Congressional Black Caucus. In 1972, Chisholm ran for the Democratic nomination, making history as the first African American from a major party to run for president. As congresswoman Chisholm staffed her office entirely with women, and remained a lifelong",11/24/2015,0
11,Hillary Clinton,hillaryclinton,politician,"I've never been able to resist story time with my grandchildren, Charlotte and Aidan. That's why I was inspired to release my new children's book, ""It Takes A Village."" I hope you share it with the kids in your life, and enjoy it as much as we have! Learn more at the link in my profile.",9/18/2017,1
12,Hillary Clinton,hillaryclinton,politician,Thanks to the women of @the.wing for the warm welcome last night! I was inspired by your passion and commitment — and getting to borrow an office from one of the greats.,4/4/2018,1
13,Hillary Clinton,hillaryclinton,politician,"A record number of women are running for office in 2018 -- what a perfect time to visit the Beyond Suffrage exhibit at the Museum of the City of New York and remember the long fight that's brought us to this moment. If you're here in NYC, this is one not to miss!",4/18/2018,1
14,Hillary Clinton,hillaryclinton,politician,"Earlier today, I marched in the annual Chappaqua Memorial Day Parade with everyone from Governors to Girls Scouts. Today we honor those who have made the ultimate sacrifice for their country to keep us safe here at home.",5/28/2018,1
15,Hillary Clinton,hillaryclinton,politician,"In 14 weeks—less than 100 days—so much will be on the line: Raising wages, health care for millions, reproductive freedom, workers' rights, LGBTQ rights, and the habitability of the planet. Are your friends and family registered and ready to vote? IWillVote.com",7/31/2018,1
16,Hillary Clinton,hillaryclinton,politician,"Mourning the loss today of Aretha Franklin who shared her spirit and talent with the world. She deserves not only our RESPECT but also our lasting gratitude for opening our eyes, ears and hearts. Rest in eternal peace, my friend.",8/16/2018,1
17,Hillary Clinton,hillaryclinton,politician,"Who's on the Supreme Court matters. Fifty-one years ago today, Thurgood Marshall was confirmed as an associate justice on the Court after spending his career dismantling Jim Crow laws around the country, including school segregation and the notion of ""separate but equal"" through the landmark Brown v. Board of Education case. He spent his 24 years on the bench challenging bigotry in all its forms. “If there is one thing this court is for,” he said, “it is for human rights.” ⁣
⁣
Hearings on Brett Kavanaugh's confirmation start next week, and his record shows he'd be a threat to women's rights, health care, the environment, equal pay, civil rights, and workers' rights. Have your senators heard from you? #StopKavanaugh",8/30/2018,1
18,Hillary Clinton,hillaryclinton,politician,"Do you have one of these pre-existing conditions? Do you care about someone who has one? Could you or someone you love ever get one? Then you should call your senators today to #StopKavanaugh from getting a lifetime seat on the Supreme Court. The next Supreme Court justice will have a chance to rule on the fate of the Affordable Care Act, which helps millions of people get affordable health care. Brett Kavanaugh’s record shows he’d be a threat to the law, from dissenting when his appeals court upheld the ACA's constitutionality to claiming the president can simply decide not to implement the ACA. It's up to us to save health care for millions of our fellow Americans—again. As Kavanaugh's hearings begin today, make sure your senators hear from you: (202) 224-3121",9/4/2018,1
19,Hillary Clinton,hillaryclinton,politician,"My heartfelt congratulations to Denis Mukwege and Nadia Murad for their well-deserved Nobel Peace Prize. I was honored to meet them while presenting them with Georgetown University's Award for Advancing Women in Peace and Security in 2014 and 2018. They've both courageously worked to focus the world's attention on the horrific problem of sexual violence as a weapon of war, often at great risk to their own personal safety. Their work has helped survivors get the care they need, along with a measure of peace.",10/5/2018,1
20,Hillary Clinton,hillaryclinton,politician,"Democracy may be our birthright as Americans, but it’s not something we can ever take for granted. Every generation has to fight for it. Today's our chance to get a crucial win. Let's rally our friends to vote against radicalism, bigotry, and corruption today and for candidates who will raise wages, fight for justice, and help more people get health care. Go to IWillVote.com to confirm where you'll vote, and bring your friends with you.",11/6/2018,1
1,Donald Trump,realdonaldtrump,politician,#FlashbackFriday Just after I did my renovation in Central Park of Trump Rink.,12/19/2014,0
2,Donald Trump,realdonaldtrump,politician,"@keshiaknightpulliam at Trump Tower red carpet this afternoon- a wonderful woman. It was an honor to donate $25,000 to her charity. ",1/5/2015,0
3,Donald Trump,realdonaldtrump,politician,"The winner of Best in Show of the 139th @westminsterkennelclub Dog Show, Miss P, visited the office today. ",2/19/2015,0
4,Donald Trump,realdonaldtrump,politician,Spoke to a capacity crowd at Horry County Republican event earlier today.,4/11/2015,0
5,Donald Trump,realdonaldtrump,politician,"A few months ago @NeilYoung came to my office looking for $$ on an audio deal & called me last week to go to his concert. Wow! For the nonbeliever, here is a photo of @NeilYoung in my office and his $$ request-- total hypocrite. @NeilYoung's song, ""Rockin' In The Free World"" was just one of 10 songs used as background music. Didn't love it anyway.",6/25/2015,0
6,Donald Trump,realdonaldtrump,politician,Legal immigrants want border security. It is common sense. We must build a wall! Let's #MakeAmericaGreatAgain!,7/11/2015,0
7,Donald Trump,realdonaldtrump,politician,"Dishonest @NYTimes reporter Jonathan Martin refused to acknowledge massive crowd surge forward during my speech in South Carolina. Liar!
Yesterday was an amazing day in South Carolina. The crowds and enthusiasm were beyond! Will be back soon! #MakeAmericaGreatAgain",9/24/2015,0
8,Donald Trump,realdonaldtrump,politician,"An updated POLL tracker (with all polls thru the weekend) reveals I maintained a double digit lead at 34.8%. Not only that, my poll #'s are double that of 2nd place candidate. #Trump2016 #MakeAmericaGreatAgain",9/25/2015,0
9,Donald Trump,realdonaldtrump,politician,Just leaving Las Vegas. Unbelievable crowd! Many Hispanics who love me and I love them!,10/8/2015,0
10,Donald Trump,realdonaldtrump,politician,An aerial shot of Jacksonville crowd yesterday! I may as well show you because the media won't.,10/25/2015,0
11,Donald Trump,realdonaldtrump,politician,"CHAIN MIGRATION must end now! Some people come in, and they bring their whole family with them, who can be truly evil. NOT ACCEPTABLE!",11/1/2017,1
12,Donald Trump,realdonaldtrump,politician,Economists on the TAX CUTS and JOBS ACT: “The enactment of a comprehensive overhaul - complete with a lower corporate tax rate - will IGNITE our ECONOMY with levels of GROWTH not SEEN IN GENERATIONS...” #TaxReform #TaxCuts #Taxes #Jobs #Economy #Economists #MAGA #USA,12/1/2017,1
13,Donald Trump,realdonaldtrump,politician,"Crooked Hillary Clinton’s top aid, Huma Abedin, has been accused of disregarding basic security protocols. She put Classified Passwords into the hands of foreign agents. Remember sailors pictures on submarine? Jail! Deep State Justice Dept must finally act? Also on Comey & others",1/2/2018,1
14,Donald Trump,realdonaldtrump,politician,"We have gone from being one of the highest taxed countries in the developed world, to being one of the most competitive – because when our workers have a level playing field, they can COMPETE and WIN against anyone in the world.
And when our workers win, our country wins. Because we are all in this together – as one team, one people and one family, saluting one Great American Flag!",2/6/2018,1
15,Donald Trump,realdonaldtrump,politician,"If we don’t have a wall system, we’re not going to have a country. Congress must fund the BORDER WALL & prohibit grants to sanctuary jurisdictions that threaten the security of our country & the people of our country. We must enforce our laws & protect our people! #BuildTheWall",3/13/2018,1
16,Donald Trump,realdonaldtrump,politician,"Last night, it was my great honor to host America’s senior defense and military leaders for dinner at the White House. America’s military is the GREATEST fighting force in the history of the world. They all have my pledge of unwavering commitment to our men and women in uniform!",4/10/2018,1
17,Donald Trump,realdonaldtrump,politician,"Today, we broke ground on a plant that will provide jobs for up to 15,000 Wisconsin Workers! As Foxconn has discovered, there is no better place to build, hire and grow than right here in the United States!",6/28/2018,1
18,Donald Trump,realdonaldtrump,politician,"As I said today and many times before, “I have GREAT confidence in MY intelligence people.” However, I also recognize that in order to build a brighter future, we cannot exclusively focus on the past – as the world’s two largest nuclear powers, we must get along! #HELSINKI2018",7/16/2018,1
19,Donald Trump,realdonaldtrump,politician,Thank you to Kanye West and the fact that he is willing to tell the TRUTH. One new and great FACT - African American unemployment is the lowest ever recorded in the history of our Country. So honored by this. Thank you Kanye for your support. It is making a big difference!,8/12/2018,1
20,Donald Trump,realdonaldtrump,politician,"I want to know, where is the money for Border Security and the WALL in this ridiculous Spending Bill, and where will it come from after the Midterms? Dems are obstructing Law Enforcement and Border Security. REPUBLICANS MUST FINALLY GET TOUGH!",9/20/2018,1
1,Marco Rubio,marcorubio,politician,All the best to Jon Stewart on his decision to spend more time with his family. He was always fair to me on his show. Even though he was wrong! LOL,2/11/2015,0
2,Marco Rubio,marcorubio,politician,"Kluiverth Roa killed in #Venezuela. Maduro 'Resolution 8610,' allows use of deadly force to control demonstration",2/26/2015,0
3,Marco Rubio,marcorubio,politician,"We need your help! Donate now to the Century Fund so we reach our goal of raising $100,000 in 48 hours. Link in bio.",4/16/2015,0
4,Marco Rubio,marcorubio,politician,"As of today, Americans have earned a combined $4.8 trillion in income since January 1st – the exact amount of state, local and federal taxes we will owe for 2015. And it’s still not enough to cover federal spending!",4/24/2015,0
5,Marco Rubio,marcorubio,politician,The biggest issues facing America today are a result of outdated policy and leaders who are stuck in the past. Click the link in my bio to watch an interview where I discuss the biggest issues facing our country.,5/13/2015,0
6,Marco Rubio,marcorubio,politician,Remembering my father today - he worked hard to provide so many opportunities for me and taught me what the American Dream is all about. #FathersDay,6/20/2015,0
7,Marco Rubio,marcorubio,politician,The race for the future will never be won by going backward. It will never be won by hopping in Hillary Clinton's time machine to yesterday. Learn more by clicking the link in my bio.,7/8/2015,0
8,Marco Rubio,marcorubio,politician,We must protect life. #GOPDebate #life,8/7/2015,0
9,Marco Rubio,marcorubio,politician,My #FSU staffers vandalized my office door before I arrived this morning with references to historical aberrations in #UFvsFSU,9/15/2015,0
10,Marco Rubio,marcorubio,politician,Busy day on the campaign trail in Philly. Flying commercial to Pittsburgh late tonight to save money. Thank you for your support!,10/15/2015,0
11,Marco Rubio,marcorubio,politician,"One year ago today, Floridians reelected me to the U.S. Senate. I'm working hard for you every day.",11/7/2017,1
12,Marco Rubio,marcorubio,politician,"On #HumanRightsDay, we are reminded the United States must remain a voice for the voiceless and a beacon of hope for the oppressed.",12/10/2017,1
13,Marco Rubio,marcorubio,politician,"I worked closely with President Trump and his administration to roll back President Obama’s one-sided concessions to Castro and institute new policies which will undermine the regime and strengthen the Cuban people. I support treating the Cuban government as the dictatorship that it is. The priority of the U.S towards Cuba should be to speak for the dissidents, freedom fighters, and all who are oppressed by the Castro regime.",1/3/2018,1
14,Marco Rubio,marcorubio,politician,I support #SchoolChoice because all children deserve the best possible education. The jobs of the 21st century require quality education and trapping kids in a failing school prevents them from reaching their full potential.,1/26/2018,1
15,Marco Rubio,marcorubio,politician,"I believe these measures will work to help reduce gun violence and mass shootings like we saw in Parkland, Florida. If we work together and focus on passing legislation we can all agree on while setting aside the issues where we cannot; we will make significant progress in the fight against gun violence.",3/13/2018,1
16,Marco Rubio,marcorubio,politician,We need Gun Violence Restraining Orders that will give law enforcement and family members the option to obtain a court order to prevent gun sales or remove guns from individuals who pose a threat.,3/16/2018,1
17,Marco Rubio,marcorubio,politician,Productive meeting with President Juan Orlando Hernández of Honduras this morning.,4/14/2018,1
18,Marco Rubio,marcorubio,politician,Yesterday I was briefed by US embassy personnel on illegal gold mining in Latin America. Drug dealers and other bad actors use gold to launder their money. #SummitOfTheAmericas #SummitPeru,4/15/2018,1
19,Marco Rubio,marcorubio,politician,"Wishing my own mother, Oriales, and my beautiful wife, Jeanette, a very Happy Mother’s Day. I could not be where I am today without your love, encouragement and support. I’m so grateful for all you do for our family!",5/13/2018,1
20,Marco Rubio,marcorubio,politician,"In Michigan today campaigning with @JohnJamesMI, our Republican nominee for Senate — he’ll be a great advocate for stronger families and a more prosperous country.",8/13/2018,1
1,Ron DeSantis,rondesantis,politician,Couldn’t be more excited to speak with everyone at the RPOF quarterly meeting this weekend! Follow me to go behind the scenes. #Sayfie #FLSEN,8/28/2015,0
2,Ron DeSantis,rondesantis,politician,Catch my interview with Craig Patrick on WTVT Fox 13 Tampa tonight at 10! #Sayfie #FLSEN,8/28/2015,0
3,Ron DeSantis,rondesantis,politician,Having a great time meeting people at the RPOF quarterly meeting in Tampa! #Sayfie #FLSEN,8/28/2015,0
4,Ron DeSantis,rondesantis,politician,"Thanks to all the great friends and supporters I met this weekend at the @floridagop quarterly meeting in Tampa! From South Florida to North Florida and over to the Panhandle, our support continues to grow exponentially. I hope you'll join me on this mission - to elect a true conservative to the U.S. Senate! #Sayfie #FLSEN #flapol",8/29/2015,0
5,Ron DeSantis,rondesantis,politician,Excited to be with the @floridagopwomen in Orlando this evening! #GOPWomen #Sayfie #FlSen,10/10/2015,0
6,Ron DeSantis,rondesantis,politician,Back in FL- I had a great time stopping by WEBY today! #Sayfie,10/12/2015,0
7,Ron DeSantis,rondesantis,politician,"Tonight, I accepted the Conservative Excellence Award for my 100% conservative rating from @acuofficial #flapol",11/8/2015,0
8,Ron DeSantis,rondesantis,politician,Getting ready to rally with @tgowdysc at The Villages! #flapol,11/9/2015,0
9,Ron DeSantis,rondesantis,politician,"We've got to have better leadership. For me, that means that if you're going to use our military, you have to have a clear purpose. Once you have that clear purpose and you've identified the objective, you go in strong and you go in to win. #SunshineSummit #FlaPol #Sayfie",11/14/2015,0
10,Ron DeSantis,rondesantis,politician,"Enjoyed hanging out with the folks at St. Francis House today. Providing shelter and serving 66,700 meals a year, they serve a critical need in our community and it was a privilege to serve with them today.",11/25/2015,0
11,Ron DeSantis,rondesantis,politician,"The greatest state in the nation, Florida, became the 27th state on March 3, 1845. Happy 173rd Anniversary to the Sunshine State!
#lovefl #florida #sunshinestate",3/3/2018,1
12,Ron DeSantis,rondesantis,politician,"Limited government allows Americans to prosper with less barriers to economic and individual freedom. Floridians deserve to be free of unnecessary restrictions so our economy can continue to thrive. I strongly support #PresidentTrump’s leadership and commend his pledge to eliminate two existing federal regulations for every new one created.
",3/12/2018,1
13,Ron DeSantis,rondesantis,politician,"I’m proud to be rated the most conservative member of Congress in Florida by the American Conservative Union Foundation, receiving a 99.17% lifetime voting record average! I believe you must stay true to those who elected you and faithfully fight for the principles and values that make this country great.",4/17/2018,1
14,Ron DeSantis,rondesantis,politician,"Our country is safe and secure, and our freedoms are protected thanks to sacrifices our armed forces make. One of the best decisions I ever made was serving in the Navy and now in the reserves. This #ArmedForcesDay I am proud to stand along side these brave men and women. Thank you for your service.",5/19/2018,1
15,Ron DeSantis,rondesantis,politician,I can’t understand why Publix would cave to such misguided and unfair complaints. The protests against Publix are ridiculous — who the heck wants people laying down in a supermarket? Shopping won’t be a pleasure if left-wing agitators get their way. I’ll always stand up for #2A!,5/25/2018,1
16,Ron DeSantis,rondesantis,politician,"I’m proud to stand with Florida anglers, business owners and residents in the fight for clean water. Enough is enough and anyone who truly puts Florida first should join this fight to protect our waterways and preserve our way of life.",7/14/2018,1
17,Ron DeSantis,rondesantis,politician,"Moving forward, the choice for Florida is clear. Andrew Gillum wants to take us back to the days of higher taxes, fewer jobs, and less educational opportunities for our children. I want to take us forward, building on our success by cutting taxes, protecting our waters, expanding access to education for everyone, and making Florida the worldwide leader for job creation. Together, we can do all these things, and as your Governor, I’ll be ready to lead on day one to get them done.",8/29/2018,1
18,Ron DeSantis,rondesantis,politician,"Grateful for Florida's hard-working men and women who are growing our economy. Florida has the lowest unemployment rate in over a decade, low taxes, and over 1.6 MILLION jobs created under Gov. Rick Scott. Let's keep building on this success!",9/3/2018,1
19,Ron DeSantis,rondesantis,politician,Florida’s beaches and coastal communities are the backbone of our tourism industry and broader economy. I will fight to keep them clean to protect the many jobs they create.,9/12/2018,1
20,Ron DeSantis,rondesantis,politician,"Words can’t describe what we saw today in Bay County, our hearts break for these families and the utter devastation they are facing. Thank you to everyone who came with us to bring much needed supplies. It will take time, but we will rebuild. #floridastrong",10/13/2018,1
1,Gavin Newsom,gavinnewsom,politician,"n Santa Clara with @rokhannausa kicking off a canvass in California's 17th Congressional District -- be sure to get out and #vote Tuesday, your #votingmatters! #CA17",11/1/2014,0
2,Gavin Newsom,gavinnewsom,politician,Discussing health care reform & how to improve the quality of health care outcomes with hundreds of industry professionals at the @kpthrive James O. Johnston Orthopedic Symposium in Oakland,11/14/2014,0
3,Gavin Newsom,gavinnewsom,politician,"Last month I spoke with @UCSantaBarbara students encouraging them to get involved. How about now? If you disagree with the proposed tuition hikes in the UC system, sign my petition to stop the plan: www.gavinnewsom.com/petition/stop-tuition-increase-now/",11/17/2014,0
4,Gavin Newsom,gavinnewsom,politician,"Met with some of CA's best and brightest today -- love that Cal Poly recognizes all of its National Champions. From engineering to journalism, these young people are making a difference.",3/9/2015,0
5,Gavin Newsom,gavinnewsom,politician,Presenting California NASCAR Day proclamation to Auto Club Speedway President Dave Allen. Auto Club 400 is huge economic boom for Inland Empire -- this weekend alone generates over $100 million.,3/22/2015,0
6,Gavin Newsom,gavinnewsom,politician,"#‎BruceJenner‬ your courage is inspiring. You have not only given strength to those who are transgender, you have inspired so many of us to be who we are.",4/25/2015,0
7,Gavin Newsom,gavinnewsom,politician,Happy Mother's Day! Especially to my wife Jen who is an amazing mom to our three kids. My sister @hilarynewsom and our mom Tessa who passed away 13 years ago but still serves as an example to me.,5/10/2015,0
8,Gavin Newsom,gavinnewsom,politician,I'm very sad to learn about the passing of Beau Biden -- an American hero and a wonderful man. He faced so much adversity in his life -- but he always stepped up and stepped in for his country and the state of Delaware. He leaves behind an amazing legacy for Hallie and their two kids -- but 46 is devastatingly young. As the father of three kids I can't imagine anything more heartbreaking than losing two kids in a lifetime. I'm so sorry @vp and Dr. Biden. ᐧ,5/30/2015,0
9,Gavin Newsom,gavinnewsom,politician,"Dr. Julian Bond -- who passed away yesterday at the very young age of 75 -- was a lion in the civil rights movement. I won't say more than just share this abbreviated list of his accomplishments. 1. He was elected to the Georgia House of Representatives in 1965 but refused a seat because of his position against the Vietnam War. The Supreme Court finally affirmed his right to be seated in the House of Representatives. 2. Served as President of the NAACP for 10 years. 3. He boycotted the funeral services of Coretta Scott King because they were held in an anti-gay church which were in direct opposition to Mrs. King's strong support for LGBT rights. 4. He was a tireless fighter in the climate change movement -- opposing the Keystone pipeline long before others did. 5. He was a passionate ally in the fight for LGBT rights. 6. He co-founded the Southern Poverty Law Center 7. He co-founded the Student Non-Violent Coordinating Committee, which helped to lead protests against Jim Crow laws.",8/16/2015,0
10,Gavin Newsom,gavinnewsom,politician,"I have to wonder: just how many of those supporting Kentucky clerk Kim Davis' refusal to issue marriage licenses based on her religious objection to same-sex couples marrying would support a Quaker government official who refused to issue them gun permits based on a religious commitment to pacifism? --- Jon Davidson, Lambda Legal",9/2/2015,0
11,Gavin Newsom,gavinnewsom,politician,Latina women make 54 cents for every dollar a white man makes. That means they have to work 10 more months to catch up to a white male's pay. We need equal pay now! #LatinaEqualPayDay,11/2/2017,1
12,Gavin Newsom,gavinnewsom,politician,"Jennifer and I are absolutely heartbroken by the news of Mayor Lee's passing. San Francisco has lost a selfless leader, a dedicated servant to the public, and a tireless bearer of equality's torch. His intellect, unshakable integrity, boundless optimism and contagious love for San Francisco elevated the City to greater heights. He steered San Francisco with an unshakable hand, an indomitable spirit, and a great sense of humor.
Most of all, we mourn the loss of a dear friend. Our prayers and profound condolences go out to Anita, Brianna, Tania and all of Mayor Lee's wonderful family, as the entire State of California grieves with them.",12/12/2017,1
13,Gavin Newsom,gavinnewsom,politician,"“The ultimate measure of a man is not where he stands in moments of comfort and convenience, but where he stands at times of challenge and controversy.” Great to join the SF MLK March to honor the life and legacy of Martin Luther King Jr.",1/15/2018,1
14,Gavin Newsom,gavinnewsom,politician,"It's outrageous that Trump has proposed removing protections for public lands, opening up our coastlines to oil drilling, and pulling out of the Paris Climate Agreement. California won't stand for it. We need to step up and push back. Check out my full plan at: https://gavinnewsom.com/environment",2/8/2018,1
15,Gavin Newsom,gavinnewsom,politician,"On this day 14 years ago, we made history in San Francisco by issuing marriage licenses to same-sex couples. It was a rebellious move at the time – same-sex marriage was illegal almost everywhere, California included – but I knew then as I know now: it's never the wrong time to do the right thing. During the time that marriage licenses were issued, couples traveled from all over to get married. We witnessed joy, excitement, longing, love - and the one that really stood out: hope. Since then, we've continued to change the polls instead of chase them – leading the fight in California to enact universal healthcare, implement real criminal justice reforms, and bring an end to the epidemic of mass incarceration. Together, we’ve taken bold steps to protect our climate, our coastline, and our environment. And we’ve stood up to the NRA and passed some of the strongest gun safety protections in the country. That kind of courageous leadership has never been more critical, and I damn sure take it seriously.",2/12/2018,1
16,Gavin Newsom,gavinnewsom,politician,"‪I've known @kamalaharris for over two decades. From our work in San Francisco together, to her work in Washington, DC, she has always been an outspoken advocate and fearless fighter for California's progressive values.‬ ‪Honored to have her support in my race for Governor!‬",2/16/2018,1
17,Gavin Newsom,gavinnewsom,politician,"My mom passed away over a decade ago from breast cancer. She taught me everything I know about grit, hard work, and determination. She was a single mom who worked 3 jobs and waitressed at night to make ends meet for her two kids. She taught us that you measure your life by your actions, which is why she welcomed my foster brother with open arms, got us involved in volunteer programs, and served her community however she could. Her example of leadership and perseverance for me will live on forever.",3/1/2018,1
18,Gavin Newsom,gavinnewsom,politician,"Thanks to everybody who sent in their favorite photos of CA! Reminded me how proud we can all be of this state we love – and why we’re working so hard to keep it moving forward!! Pamela, your picture perfectly captures the beauty and complexity of the CA landscape. Thank you for sharing :)",5/11/2018,1
19,Gavin Newsom,gavinnewsom,politician,"The Trump Administration has been defined by chaos and cruelty - family separation is both. We will not sit idly by while families are torn apart and jailed for fleeing violence and seeking a better future. Time for us to step up, to move our feet and demand more of our country. #familiesbelongtogether",6/30/2018,1
20,Gavin Newsom,gavinnewsom,politician,"7 DAYS. 7 days to call. To text. To knock on doors. To VOTE. We can be bold, and big, and dream in exponential terms. We are not just the resistance — we are the positive alternative to what’s going on in this country. So let’s get out there and have our voices heard.",10/30/2018,1
1,Nikki Haley,nikkihaley,politician,"Big news in Aiken County! Bridgestone has announced the opening of its first giant off road radial tire plant outside of Japan. The 1.5 million-square-foot manufacturing facility located in Trenton currently employs 350 people and will add 200 more positions as they reach full production. We are proud to have a company like Bridgestone expanding in our state and adding to the 2,000 employees they already have working here. It’s a great day in South Carolina!
",11/18/2014,0
2,Nikki Haley,nikkihaley,politician,"I say this with great optimism because I do believe there is willingness in the House and Senate. Please make sure that we do not go home this session without income disclosures from our legislators, without independent investigators looking into those legislators, and without making sure that we remove those conflicts of interest that require lawyer legislators who sue the state to disclose the taxpayer dollars they receive. If we do that, taxpayers can celebrate and legislators can relax because they will know exactly what is right and wrong.",12/17/2014,0
3,Nikki Haley,nikkihaley,politician,"I’m a mom, I’m a wife, and I’m a sister, and I know I have to protect those around me. But In order to do that, we have to change the culture in South Carolina. If we don’t change the culture, we will continue to see generational cycles of domestic violence in our state. But with this army of people who stood behind me who are completely committed to this cause, I know we can finally do something about it.",1/29/2015,0
4,Nikki Haley,nikkihaley,politician,We are proud to have been named the most patriotic state in the nation and a huge supporter of our men and women in uniform. We have 8 military installations in SC and they are an integral part of our community. Thank you to the U.S. Army's willingness to listen to our community on the importance of Fort Jackson. #SaveOurFort,2/26/2015,0
5,Nikki Haley,nikkihaley,politician,"Whether it's new jobs, tourism, or the environment, we are moving in the right direction in South Carolina. But taking in nuclear waste from other states would be a huge step backwards. Let's not go down this direction. There are a lot of things we need to be working on right now, and taking in other states' nuclear waste is not one of them.",3/19/2015,0
6,Nikki Haley,nikkihaley,politician,"As we enjoy our family today, we want to thank the many military families for their sacrifice. Take time to share with your little ones what today is about. We are and will continue to be blessed with our freedoms due to the sacrifices of those that gave their all. May we never forget....",5/25/2015,0
7,Nikki Haley,nikkihaley,politician,"South Carolina should be proud today that one of its native sons has entered the race for the highest office in the land. Senator Lindsey Graham came from humble roots in rural South Carolina. He has served our state well in the U.S. Senate, and has become one of America’s leading voices on national security. South Carolina voters are an independent bunch – some will support Sen. Graham, and some will not. But regardless of where our support goes, Lindsey Graham has earned our gratitude and our good wishes as he begins his campaign today.",6/1/2015,0
8,Nikki Haley,nikkihaley,politician,"We have had unfortunate incidents during my last four years in office, from the fire in Georgetown, to the ice storms, to the Emanuel 9 tragedy, and so many in between. Those I have dealt with to lift up those communities have all been important, but the one constant through all of them has been The American Red Cross. Thank you to the 4000+ volunteers who continue to lift us up in times of need.",7/17/2015,0
9,Nikki Haley,nikkihaley,politician,"Michael and I found a ""Must Visit"" restaurant in the sweet spot of Travelers Rest! The Cafe at Williams Hardware is a place to enjoy an old sense of community. You can browse their gift shop and enjoy an amazing meal. This family friendly restaurant will not disappoint with the food or homemade special desserts. Stop by and say hello to Nancy and Joyce, sisters and owners of this sweet treasure in our great state. For more info, visit www.CafeAtWilliamsHardware.com #SCFind #MustVisit #HeartofSC",9/19/2015,0
10,Nikki Haley,nikkihaley,politician,"This flood disaster has been like nothing South Carolina has ever seen. Estimates indicate that this type of flooding occurs only once in a thousand years. Our prayers are with those who have lost their homes and businesses and those who are still in danger as waters continue to rise. We cannot encourage you enough to stay home and stay off the roads so that our first responders and utility and maintenance crews can get their jobs done. Team South Carolina continues to be all hands on deck as we work through this. The heroes in this situation continue to be our first responders, DOT maintenance crews, and our utility workers. Please keep them in your prayers as they continue to work in these dangerous conditions.
For more information, go to www.scemd.org.",10/4/2015,0
11,Nikki Haley,nikkihaley,politician,"Throwback to Michael’s homecoming from Afghanistan. I’m thankful for Michael, my brother, and all veterans and their families who sacrifice so much for our great country! #USA #Freedom 🇺🇸",11/10/2017,1
12,Nikki Haley,nikkihaley,politician,"Following today's historic announcement by President Trump to move the US embassy to Jerusalem we remain committed to peace in the region. ""For the sake of Israeli children and Palestinian children, it is time for those two sides to come together. It’s time for them to negotiate. And the United States is pushing that process.”",12/6/2017,1
13,Nikki Haley,nikkihaley,politician,"We joined ABC this morning to discuss North Korea. ""It's a serious situation-- Kim can't sit there and imply that he's going to destroy the United States without us reminding him of the facts and the reality that if he goes there, it's not us that will
be destroyed, it's you."" Watch the full interview, here: https://goo.gl/La7Xwu",1/7/2018,1
14,Nikki Haley,nikkihaley,politician,No parents should ever have to go through what Fred and Cindy Warmbier had to go through with the death of their son Otto by the North Korean regime. Their love and courage is inspiring. We will never forget Otto or the other Americans being held by the brutal Kim regime. #NeverForgetOtto ❤️,1/31/2018,1
15,Nikki Haley,nikkihaley,politician,On International Women’s Day we encourage women and girls around the globe to find the power of their voice and use it for good. Because when they do they can change the world. That’s why it was an honor to present Sheikha Rima al-Sabah with the Peace Award— for her hard work empowering and lifting up women and girls across the Middle East.,3/8/2018,1
16,Nikki Haley,nikkihaley,politician,I love that my little one likes to come to work with me! I am so proud of who he has become. ❤️🇺🇸#HeAlwaysHasAdvice #NotSoLittle #MyBiggestSupporter,4/2/2018,1
17,Nikki Haley,nikkihaley,politician,I Voted. I defend our country and our right to a free democracy every day at the UN. Many people in the world would love to have the ability to show the power of their voice at the polls. Please take time to vote In your local and state elections. Thank you to the great people in Lexington County. #SCVotes #VoteJune12SC #USA🇺🇸,6/11/2018,1
18,Nikki Haley,nikkihaley,politician,"My heart is full! I am blessed beyond measure. We now go back to our normal lives. We had so much fun. Thank you to the great people at Now Larimar 💙🏝☀️ Now bring on the Presidency of the Security Council! 🇺🇸
#Vacation #Blessed #MojoRestored #USSecurityCouncilPresidency",8/19/2018,1
19,Nikki Haley,nikkihaley,politician,"Tonight we said farewell to an intelligent, strong, and highly effective Ambassador who is loved by so many. Maria Emma Mejia has represented Colombia with strength and grace. She is an amazing leader and dear friend to all of us at the UN. Until we meet again....❤️ #Colombia #UntilNextTime",9/18/2018,1
20,Nikki Haley,nikkihaley,politician,My heart breaks for the families and community of the Tree Of Life Synagogue. An attack on the most sacred of places is the cruelest and most cowardly act a person can do. There is and will never be any tolerance for hate. #PrayersForPeace,10/27/2018,1
1,Kamala Harris,kamalaharris,politician,Always thankful to be surrounded by family on election night. #fourmoreyears,11/5/2014,0
2,Kamala Harris,kamalaharris,politician,"Congrats, Dr. #VivekMurthy, for being confirmed today as the youngest U.S. Surgeon General and the first of Indian descent. #yeswecan #desipride",12/15/2014,0
3,Kamala Harris,kamalaharris,politician,"Yesterday I announced my candidacy for U.S. Senate. I'm all in — are you with me? Share a photo with hashtag #TeamKamala to let us know you'll be there from the beginning, and I'll repost my favorites.",1/14/2015,0
4,Kamala Harris,kamalaharris,politician,"During #BlackHistoryMonth we honor black leaders and trailblazers, past and present. Each week I'll recognize an individual who has inspired me.
Edward Brooke, a former state AG and first popularly elected black U.S. senator, was a champion for equal rights. #BHM",2/4/2015,0
5,Kamala Harris,kamalaharris,politician,"Reducing recidivism is key to being #SmartOnCrime — today I was proud to launch ""Back on Track LA"" with @LASDHQ, LA County Probation, & @FordFoundation. This initiative will give participants the skills to become contributing and law-abiding members of society, which enhances public safety.",3/11/2015,0
6,Kamala Harris,kamalaharris,politician,"Women lose trillions of dollars to the #WageGap. Join me, Rep. Tammy Duckworth & Rep. Donna Edwards at EndTheWageGap.com.",4/14/2015,0
7,Kamala Harris,kamalaharris,politician,"Thank you, California Democrats. Together we can repair the ladder of opportunity. #CDP2015 #CASen #CADem",5/16/2015,0
8,Kamala Harris,kamalaharris,politician,"I'm glad @usedgov answered our call to make it easier for Corinthian students to relieve their debt. These students were trying to create a better life and future, and they shouldn't be punished for the deception and lies their schools sold to them. I'm focused on continuing to find ways to help these students get justice, achieve their educational goals and rebuild their lives.",6/9/2015,0
9,Kamala Harris,kamalaharris,politician,It's time for universal pre-k. It's time for full day kindergarten. It's time for affordable childcare for every family and a fair shot at college for every graduate. #OurFuture #fbf,7/24/2015,0
10,Kamala Harris,kamalaharris,politician,Thanks to @prochoiceca and all who pushed for #ReproFACTAct! Getting this #reprohealth law signed was a group effort.,10/9/2015,0
11,Kamala Harris,kamalaharris,politician,"On #ChildHealthDay, let's commit to making sure that every child in California has a healthy, happy start in life, and the opportunity to reach their full potential. 📷: @latimes",10/5/2015,1
12,Kamala Harris,kamalaharris,politician,I love speaking with young people about how they're making a difference on our campaign. Hope you can join me at our next event for young professionals in Los Angeles! See my bio for the link to register.,11/18/2015,1
13,Kamala Harris,kamalaharris,politician,"More than 20 million more adults have insurance thanks to the Affordable Care Act. Some of these people who didn’t have health insurance before, like Katherine’s daughter, now have access to critical preventive services like yearly checkups at no out-of-pocket costs. I intend to fight for all those who deserve access to affordable and quality health care.",1/6/2017,1
14,Kamala Harris,kamalaharris,politician,"When encountering law enforcement at the airport, know your rights. (1) You have the right to an attorney if you’re a U.S. citizen or being asked questions related to anything other than your immigration status. Don’t sign anything except for the ordinary customs forms. (2) Customs officers have the right to stop and search any person or belongings, but they cannot select you for a search based on your race, gender, religious, or ethnic background. (3) You have the right to wear religious head coverings, even if asked to remove it. If you believe you are being mistreated, document the events.",2/3/2017,1
15,Kamala Harris,kamalaharris,politician,"Judge Gorsuch’s record shows he is willing to favor corporations over the American people. From imposing religious views on employees to outright hostility toward workers, he has a history of rulings that directly hurt middle class families, consumers, women, and more. For this reason, I oppose his nomination.",3/27/2017,1
16,Kamala Harris,kamalaharris,politician,"We must fight for the vulnerable and voiceless, and make our country a safe, equitable place for all families to live and thrive.",4/19/2017,1
17,Kamala Harris,kamalaharris,politician,"Proud to be an alumna of Howard University and give the keynote address today. Once again, congratulations to the class of 2017 — your Howard family will be with you every step of the way on your new journey.",5/13/2017,1
18,Kamala Harris,kamalaharris,politician,"On June 26, 2015, the Supreme Court ruled 5-4 that the Constitution guarantees a right to marriage for all couples. In 2013, two years prior to the SCOTUS decision legalizing same-sex marriage nationwide, I was honored to marry Sandy Stier and Kris Perry after the U.S. Ninth Circuit Court of Appeals lifted California's ban on same-sex marriages. That was an incredibly moving day. But that day in 2015 was truly a historic day because, for the first time in our nation’s history, every single American had the right to marry the person they love.",6/26/2017,1
19,Kamala Harris,kamalaharris,politician,"On this day in 1965, President Lyndon B. Johnson signed Medicare and Medicaid into law. We must continue to honor his vision by strengthening and expanding, not slashing, these initiatives that help millions of Americans.",7/30/2017,1
20,Kamala Harris,kamalaharris,politician,"To everyone fighting for our Dreamers: Walk with your chin up and shoulders back. You are fighting for the future of this country. 📹: @nowthisnews
",10/7/2017,1
1,Chuck Schumer,senschumer,politician,Great day for a crisp stroll on the Walkway Over the Hudson. #HudsonRiver,11/8/2014,0
2,Chuck Schumer,senschumer,politician,"Was so touched that our former Army fellow, Lt. Col Sam Glover, took time to visit Washington last week. Sam finished another tour in Afghanistan just in time to be home for the holidays with his beautiful family. Thank you Sam for your service and your friendship. Thoughts and prayers this time of year for the many members of our Armed Forces serving at home and abroad who will not be home for the holidays. We thank you.",12/24/2014,0
3,Chuck Schumer,senschumer,politician,Proud to stand with Flight 3407 families and Capt. Sully Sullenberger today. Together we are fighting to keep hard-won and lifesaving FAA regulations in place.,2/2/2015,0
4,Chuck Schumer,senschumer,politician,"Recognize this famous words? Today and tomorrow see President Lincoln's original copies of the Second Inaugural Address on display at the Library of Congress, 150 years after delivery.",3/6/2015,0
5,Chuck Schumer,senschumer,politician,Buttermilk Falls on the Raquette River near Long Lake #ADKs #adirondacks #EarthDay #waterfalls,4/22/2015,0
6,Chuck Schumer,senschumer,politician,Had a blast at Long Island University graduation this morning. Congratulations Grads! #cwpost #liupost #liu #graduation #LongIsland,5/8/2015,0
7,Chuck Schumer,senschumer,politician,"Rochester-based video relay service providers CONVO & Sorenson enable those who are deaf and hard-of-hearing to converse by telephone using a video American Sign Language interpreter who translates their words into English or Spanish in real time but FCC plan would put these companies & their services at risk. Urging the FCC to abandon their plan, upgrade VRS service and not take away the voice of the deaf community.",7/20/2015,0
8,Chuck Schumer,senschumer,politician,Enjoyed being with Jazz Band from Xaverian High School- a great Brooklyn institution. They have been chosen to play for the Holy Father when he arrives in New York - what an honor!,9/20/2015,0
9,Chuck Schumer,senschumer,politician,Our tax code is out of step with NY farmers' needs. Pushing for a change to help farmers across the state recover costs sooner from the new equipment they need.,10/14/2015,0
10,Chuck Schumer,senschumer,politician,When I first heard the news that Alcoa was significantly cutting their facility in New York I was shocked. I know the Governor felt the same way. Alcoa's facility in Massena is part of the heart and soul of St. Lawrence County. Now it feels like we've woken up from a bad dream. Today we celebrated the agreement @nygovcuomo and I reached with @Alcoa to protect 600 jobs for hardworking New Yorkers in the North Country. We can all breathe a sigh of relief.,11/24/2015,0
11,Chuck Schumer,senschumer,politician,Today the party of tax cuts may become the party of tax hikes on working Americans.,12/1/2017,1
12,Chuck Schumer,senschumer,politician,"The Trump administration’s proposed new policy to open up vast swaths of the coast – including off Long Island and New York City – for reckless oil drilling can be summed up as: spill, baby, spill. Any accident here would be devastating to our beaches, fishing industry and more. New York deserves the same level of protection as Sec. Zinke is giving our fellow Americans in Florida.",1/12/2018,1
13,Chuck Schumer,senschumer,politician,"Congresswoman Louise Slaughter was a giant. She had deep convictions -- on both issues important to the people of Rochester, and for the integrity and honesty of the political system. Throughout her entire career, Louise worked with people from so many different philosophies and backgrounds, because she was such a genuine human spirit. The ferocity of her advocacy was matched only by the depth of her compassion and humanity. Her passing will leave a gaping hole in our hearts and our nation. My sincere condolences go out to her daughters and grandchildren and to the legions of people who loved and admired her.
",3/16/2018,1
14,Chuck Schumer,senschumer,politician,"I marched for 2 hours with the students in NYC and came away inspired by their enthusiasm, steadfastness & focus on electing those who support them. The only thing standing in the way of achieving their goals is the president, whose White House today praised them as courageous. What they want is for the president to show courage, not in empty words, but in real action, by at minimum supporting universal background checks. #MarchForOurLives #enough",3/24/2018,1
15,Chuck Schumer,senschumer,politician,Nothing says spring like the first little league games— good luck to #SouthShoreLittleLeague on the 2018 season!,4/22/2018,1
16,Chuck Schumer,senschumer,politician,"‪To all those lost in the line of duty, especially the 74 officers from NY whose names will be added to the National Law Enforcement Officers Memorial - and 4 who lost their lives just this past year. My heart is with their families this week. #PoliceWeek2018‬",5/15/2018,1
17,Chuck Schumer,senschumer,politician,‪Marching in the #NYCPride Parade has special meaning this year as I am marching with my daughter Alison and her wonderful fiancée Biz! .,6/24/2018,1
18,Chuck Schumer,senschumer,politician,Toured Essex Farm this afternoon with owner Mark Kimball in beautiful Essex County. New York farmers are growing healthy food to feed people from the north country to New York City.,8/10/2018,1
19,Chuck Schumer,senschumer,politician,"Hundreds of new food-based Rochester businesses that could be creating jobs now are instead stuck on the back burner. That’s why I am announcing my push to secure the nearly $1 million federal grant needed to build the first-ever food business incubator in Rochester. The Commissary Kitchen Incubator is Rochester’s recipe for new jobs and new businesses, while creating a destination to bring visitors, diners, and more to revitalize downtown.",10/16/2018,1
20,Chuck Schumer,senschumer,politician,"Today I’m thinking about Albany’s Sergeant Henry Johnson. We laid a wreath for him in 2015 when he was awarded the Medal of Honor. A member of a WWI all-black infantry group, he singlehandedly repelled a group of German soldiers to save a fellow soldier from capture. #VeteransDay",11/11/2018,1
1,Alexandria Ocasio-Cortez.,aoc,politician,"Quick silhouette. h/t Michael Schultheis' ""Sonata for Archimedes 04"" for source material.",2/18/2015,0
2,Alexandria Ocasio-Cortez.,aoc,politician,"Presence, 2015",3/23/2015,0
3,Alexandria Ocasio-Cortez.,aoc,politician,"""Don't forget to turn off all your lights before you leave!"" - Mom. Off to Costa Rica.",5/11/2015,0
4,Alexandria Ocasio-Cortez.,aoc,politician,"Jungle Hustle: instead of eating greens, these ants make an edible fungus out of leaf parts to feed the colony. The queen can live for about 20 years 🐜👑",5/19/2015,0
5,Alexandria Ocasio-Cortez.,aoc,politician,"In the third grade I was assigned a report on three toed sloths, which sparked a lifelong affinity culminating in this very moment. In Spanish they're called 'Perezosos' ('lazies,' aka SLOTHS). They're so slow moss grows on their back, which gives their fur a green color. Ah, my heart!",5/22/2015,0
6,Alexandria Ocasio-Cortez.,aoc,politician,"""...with liberty and justice for all.""",6/26/2015,0
7,Alexandria Ocasio-Cortez.,aoc,politician,Fam bam 🙌🏽,7/13/2015,0
8,Alexandria Ocasio-Cortez.,aoc,politician,Every moment. #nyc #VSCOcam,9/4/2015,0
9,Alexandria Ocasio-Cortez.,aoc,politician,"A few years ago @wander_luster, myself, and many @bualumni friends spent our free time in college talking about how to build a greater world. Today I had the honor of being with her to ring the #NASDAQ opening bell with @newstorycharity, the crowdfunding platform she co-founded that has funded over 100 new homes for Haitians in the last 100 days. It brings me so much joy to know that those lofty conversations were not naïve or flimsy dreams, but the seeds of a cohort dedicated to making the world a better place. Congrats to Allie and the New Story team. Here's to the road ahead. cc: @juwiling @superkim_tendo @nmoawed @justpriest @laurenep @kennmore @dosmanos",9/8/2015,0
10,Alexandria Ocasio-Cortez.,aoc,politician,On the jumbotron to boot! @wander_luster,9/8/2015,0
11,Alexandria Ocasio-Cortez.,aoc,politician,"BOOM. In @wnyc & @bberginradio’s final piece on the Queens Machine, we find the Queens Dem party is awash in Trump’s circle of real estate funds - and that for the 1st time in 14 years, he will face a challenger: @Ocasio2018. Listen now. Link in bio.",11/2/2017,1
12,Alexandria Ocasio-Cortez.,aoc,politician,"Art has the power to inspire, ask questions, and move our spirits. That is why art fuels revolutions✊🏻✊🏽✊🏿 Thank you @politiface for honoring me with your work. #ocasio2018",12/7/2017,1
13,Alexandria Ocasio-Cortez.,aoc,politician,"2018 is finally here. For the next six months, we must work non-stop on this campaign.
.
Join us by making calls to Bronx and Queens voters this weekend. You can do it from anywhere, or even host a few friends and make it a party. RSVP now - link in bio. 📸: @josealvarado",1/8/2018,1
14,Alexandria Ocasio-Cortez.,aoc,politician,"Each day our movement grows a little bigger. We get a little louder. We dare to love more. The scale of our dream spills over our expectations and we realize how powerful we are.
.
We are mothers and fathers, brothers and sisters; small business owners and workers, teachers and nurses. The machine would call us political amateurs - but we are changing our world.
📸: @josealvarado",2/8/2018,1
15,Alexandria Ocasio-Cortez.,aoc,politician,"Growing up, I never saw women like me in positions of power - and that’s if I ever saw women in positions of power at all. I’m trying to be the person I needed growing up.
.
It was such an honor to speak at @holatrenza’s La Futura event with @the.wing and get very real about our history and culture, from our African and Indigenous identity to our embrace of gender across the spectrum in the movement forward.",3/9/2018,1
16,Alexandria Ocasio-Cortez.,aoc,politician,"Campaigns boil down to conversations. Thousands and thousands of them: with voters, supporters, activists, policy experts, and even those on the other side.
.
Everything revolves around supporting the effort to properly and ethically represent our community. Every time our volunteers are talking to people and touching hearts + minds is when we’re winning. 📸: @surajpatelnyc",3/31/2018,1
17,Alexandria Ocasio-Cortez.,aoc,politician,"Oh SNAP! That moment when you’re scrolling through Facebook and suddenly see our campaign covered by @ajplus!
.
Check it out - this is why you got to show up and believe, people! Our movement is gaining national attention because of everyone putting in the WORK 💪🏽💜",4/8/2018,1
18,Alexandria Ocasio-Cortez.,aoc,politician,"We were working on the lemonade & friendship bracelet pitch 😉🍹
.
Taken during the Moore-Jackson Cemetery cleanup in Woodeside, NY.",5/6/2018,1
19,Alexandria Ocasio-Cortez.,aoc,politician,"“The best thing we could do is work as hard as we can for what is right and what is good.”
.
It was an honor to share this conversation with @kerrywashington, who grew up in the Bronx/NY-14. Her grandmother lived just a few blocks from where I do now. You can find it up on @interviewmag.
.
📸 Photos by: @gigilaub",9/6/2018,1
20,Alexandria Ocasio-Cortez.,aoc,politician,"Words will never be enough to express my gratitude. Thank you to the people of the Bronx and Queens for choosing to make history and sending me to Congress. Thank to every organizer, supporter, and small-dollar donor who made this happen.",11/7/2018,1
1,Pete Buttigieg,pete.buttigieg,politician,"""Mangonada"" at La Rosita on the West Side - so good",5/2/2015,0
2,Pete Buttigieg,pete.buttigieg,politician,@birdsarentreal government official let’s video of test drone slip into the public eye,5/19/2015,0
3,Pete Buttigieg,pete.buttigieg,politician,County fair,7/11/2015,0
4,Pete Buttigieg,pete.buttigieg,politician,Blues and ribs,7/25/2015,0
5,Pete Buttigieg,pete.buttigieg,politician,#SouthBend wedding complete with River Lights,8/29/2015,0
6,Pete Buttigieg,pete.buttigieg,politician,campaign office ready for Halloween,10/13/2015,0
7,Pete Buttigieg,pete.buttigieg,politician,#door tidier,11/1/2015,0
8,Pete Buttigieg,pete.buttigieg,politician,Early start,11/17/2015,0
9,Pete Buttigieg,pete.buttigieg,politician,#sofarsogood,11/14/2015,0
10,Pete Buttigieg,pete.buttigieg,politician,#capitoltree,11/16/2015,0
11,Pete Buttigieg,pete.buttigieg,politician,Looking good @dtsouthbend,11/30/2017,1
12,Pete Buttigieg,pete.buttigieg,politician,Nice @dtsouthbend Christmas kickoff tonight!,12/1/2017,1
13,Pete Buttigieg,pete.buttigieg,politician,Snowy #mySouthBend today,12/7/2017,1
14,Pete Buttigieg,pete.buttigieg,politician,Is food photography eligible for the #mysouthbend project? These Brussels sprouts are profound,1/6/2018,1
15,Pete Buttigieg,pete.buttigieg,politician,So proud of our young leaders today #marchforourlives,3/24/2018,1
16,Pete Buttigieg,pete.buttigieg,politician,Better late than never! #spring,4/29/2018,1
17,Pete Buttigieg,pete.buttigieg,politician,Stepping off!,5/28/2018,1
18,Pete Buttigieg,pete.buttigieg,politician,A pleasure to celebrate @bakerandrose official opening. Another great stop on the growing South Bend dining scene!,7/25/2018,1
19,Pete Buttigieg,pete.buttigieg,politician,Definitely an October morning in South Bend,10/17/2018,1
20,Pete Buttigieg,pete.buttigieg,politician,South Bend dining—every week the scene grows!,11/14/2018,1
1,Anna Paulina Luna,realannapaulina,politician,The #barn was so pretty this morning!!!! #ridinglessons 🐴 #equestrian #englishriding #godscountry,11/3/2014,0
2,Anna Paulina Luna,realannapaulina,politician,G since 93'. 👢#pony #cowgirl . #thanksmom #lol #transformationtuesday,12/2/2014,0
3,Anna Paulina Luna,realannapaulina,politician,Stables today 🐴 #solitude #happyplace #trees,1/28/2015,0
4,Anna Paulina Luna,realannapaulina,politician,Shoot for theknot.com,2/18/2015,0
5,Anna Paulina Luna,realannapaulina,politician,Modeling 2015 spring collection for #JudithMarch 🌟 now available at shopdejavu.com #dejavu #burbonandboweties #seaside #ootd #bohochic #lovethefringe #boho,3/6/2015,0
6,Anna Paulina Luna,realannapaulina,politician,Happy #Easter to all my friends past and present and everyone deployed. Miss you all!! ... The greatest display of #love ever. ❤️,4/5/2015,0
7,Anna Paulina Luna,realannapaulina,politician,Great State of Alabama🏈 #roadtrip #gypsysoul #rolltide #rainerarms,6/26/2015,0
8,Anna Paulina Luna,realannapaulina,politician,I had a hot date tonight and God gave us a Watercolor sky 🌴☺️❤️ #sailboat #oceanview,9/18/2015,0
9,Anna Paulina Luna,realannapaulina,politician,Getting ready to ping pang walla walla bing bang some steel targets #9mm #glock17 #pewpewpew,10/5/2015,0
10,Anna Paulina Luna,realannapaulina,politician, found a field of these little guys 😊#wildflowers #nature,10/19/2015,0
11,Anna Paulina Luna,realannapaulina,politician,Rebel Scum. 🇺🇸,11/11/2017,1
12,Anna Paulina Luna,realannapaulina,politician,The cold is not for the faint of heart. ⛄️I got tired of indoor ranges. I’d rather be outdoors than stuck in a stall where I can’t pull from my holster. ❄️🔥❄️⠀⠀⠀,2/17/2018,1
13,Anna Paulina Luna,realannapaulina,politician,My Monster. 😈🖤🏍 PS. Any opinions on the BMW G310 GS?! Looking at doing an adventure ride this summer. ☀️PPs don’t be a turd and ride without your helmet. I have seen too many motorcycle related accidents in the ER and when they weren’t wearing helmets it was fatal👊🏻. #mororcycle #ducati #ducatimonster #ducatipeople #alpinestars #alpinestar,3/12/2018,1
14,Anna Paulina Luna,realannapaulina,politician,"From the time we are children, women are taught to like the color pink, be submissive, and are given toys like play kitchens and barbie dolls. ⠀⠀⠀⠀⠀⠀⠀⠀⠀
As we get older we are taught that if boys are mean to us, if they pull our hair, it is okay because they “like” us. ⠀⠀⠀⠀⠀⠀⠀⠀⠀
When we grow even older, we are taught about the chase, and how we should not be forward with men we like in fear that it will leave us too exposed and they will become less interested. Is there not irony in this? ⠀⠀⠀⠀⠀⠀⠀⠀⠀
You know what my dad taught me? If a “boy” is mean to you and pulls your hair, knock him out. He bought me things that challenged me and taught me to be able to stand on my own and protect myself. And the most important thing he taught me is to ALWAYS be honest with someone I love and if they loose interest, they weren’t the right one. ⠀⠀⠀⠀⠀⠀⠀⠀⠀
The BEST thing you can do for your daughter is to show her to be independent. It’s rare that I come across such women, but it’s okay, because those that I do meet, I empower. ⠀⠀⠀⠀⠀⠀⠀⠀⠀
Don’t EVER let yourself be treated less you deserve and ALWAYS know how to protect yourself. It’s your right. Not all people are good. @performancectr
#1911 #proseries #performancecenter #smithandwesson #justgirlythings #2A",3/26/2018,1
15,Anna Paulina Luna,realannapaulina,politician,Decided to go back to my natural color. 🖤 I also layer (cut) my own hair 😊. #lowmaintenance #blackhair #navajo #german #latina #navajonation,5/12/2018,1
16,Anna Paulina Luna,realannapaulina,politician,Workout time. 🕷,7/25/2018,1
17,Anna Paulina Luna,realannapaulina,politician,😌😴💤,8/18/2018,1
18,Anna Paulina Luna,realannapaulina,politician,"Two weeks ago I was slotted to leave to medical school. I had my flight & my bags packed. The day before I was due to take off, @turningpointusa offered me a position. I spent that entire 24 hours thinking about everything, to include what is happening in our Nation.
With the support of my family & friends, and a select few who I highly value and respect not only as friends but as professionals (Dr. Epstein from GSMSG), I decided to stay.
To my surprise my admissions counselor at the medical school told me that this was the opportunity of a lifetime & that I would hands down be helping many people by taking this position and the door to their school would always be open to me. 🕊

I have not ruled out medicine. In fact, I still intend on some point going back to school as education & learning has no age limit. However, when I took my oath to serve my country, I meant what I said.
I know there will be a few of you who will not be able to understand why I have made this decision. That’s fine. I’ll put it simply: I love this country & I am a patriot. I love everything our constitution and our Founding Father’s stand for.
Sometimes, for the greater good of our Nation, we are called to make sacrifice & I know that I am not the only one who has been called to do this. In fact, there have been many in the movement right now who have done similar things whether it has been graduate programs, college, etc.
It is with great honor that I will be joining the #TPUSA family as the Director of #Hispanic Engagement, and not only continuing service to my country, but be given the opportunity to work with some brilliant minds who love this country just as much as I do.
Thank you to everyone for your support. If there is one thing this has shown me is courage.
Courage to stand up for what is right, to take a chance, and to fight for what you believe in. Remember: evil triumphs when good men do nothing.
#latinoawakening",9/5/2018,1
19,Anna Paulina Luna,realannapaulina,politician,"How to defend yourself against sexual assault and men who beat women. 🕷Wearing @viktosbrand gloves!
Ps Jacket from @beyond.clothing (made in AMERICA). #beyond #beyondclothing #rebelscum #leupoldoptics #gunsdaily #seekinsprecision #theresistance",9/23/2018,1
20,Anna Paulina Luna,realannapaulina,politician,"Blending with the locals in my rendition of a sombrero. 😂🌶🤫 Congratulations and Happy SHEIN @sheinofficial 10th Anniversary!
I’ll be wearing this on repeat all throughout Fall.
SHEIN is now having super sales to show love for you ladies!
Link to items in my bio.
Search ID: 228196 & 364347
Extra 15% Off coupon: 10TH35 . #ootd #sheingals #sheinofficial #SHEIN10thANNIVERSARY#SHEIN",10/14/2018,1
1,Cory Booker,corybooker,politician,About to join the stage with Donald Norcross in Cherry Hill!,11/4/2014,0
2,Cory Booker,corybooker,politician,"I'm in a very good subcommittee meeting on ""passenger rail: investing in our nation's future."" We must invest in infrastructure.",12/10/2014,0
3,Cory Booker,corybooker,politician,Moon rising at The Capitol ending a good day and a new beginning for the 114th Congress. #Hope,1/6/2015,0
4,Cory Booker,corybooker,politician,Great vegan smoothies this morning with these ingredients plus some protein powder. #SoooooGood #GreatStar,2/11/2015,0
5,Cory Booker,corybooker,politician,Deliriously Delicious Vegan Ice Cream @dfmavens,3/14/2015,0
6,Cory Booker,corybooker,politician,"Today we announced the building of a new park in Passaic with city leadership, local educators, community leaders, Kaboom!, The Today Show and lots of amazing kids.",3/16/2015,0
7,Cory Booker,corybooker,politician,"I love New Jersey but it was good to visit my alma mater Stanford University today. I owe much to ""The Farm"". Went on an early morning hike at the dish. #GreatMemories",4/2/2015,0
8,Cory Booker,corybooker,politician,Last night I took a late walk along The Mall. I took this by the Vietnam Memorial. We must continue to honor our veterans by investing in their health and wellbeing.,6/25/2015,0
9,Cory Booker,corybooker,politician,Mail from kids is always the best. I love encouragement to keep eating healthy. #health #fitness #food,8/4/2015,0
10,Cory Booker,corybooker,politician,"In a partnership with the Department of Defense, NJIT is doing important research on head injuries and brain damage. Their research is already yielding valuable recommendations that are helping to protect our troops. Their work also has great potential to help protect athletes at all levels. It is great to see our NJ universities leading in areas of critical research that can so improve our safety and quality of life.",9/1/2015,0
11,Cory Booker,corybooker,politician,"Proud to be in Camden, New Jersey with a rally for Tuesday’s election. Let’s get out and vote. As they all yelled, “Victory!",11/3/2017,1
12,Cory Booker,corybooker,politician,"I would like you to meet a DREAMer who was fearful of going public but still wanted to share her story with all of you: “I was born in India and moved to the US when I was 9. I grew up in Jersey City and I've been here all my life. I studied at a public grammar school and then High School in Jersey City. All I really know about life is life in NJ.
From day one of my DACA experience, I told myself I had to remember that although this is a relief, it is temporary, that I would have to live my life in two year intervals, achieve as much as possible within those two years, and prepare for whatever might happen next.
Never in a million years would I have thought that a possible end to this life-changing opportunity would come so quickly, in just 5 years. But these 5 years have been like no other. They have been my American Dream come true, even though I haven’t achieved even a glimpse of what I plan to do. They have been the most amazing 5 years of my life because I felt like an American.
I felt like I truly belonged. I felt welcomed and I felt like I was able to dream for the first time in my life.” Read more of her story. Link in bio.
#Dreamers #DreamActNow",12/21/2017,1
13,Cory Booker,corybooker,politician,"When ignorance and bigotry are allied with power, it’s a dangerous force in our country.⠀
⠀
To not stand up to this; to be silent— is to be a part of the problem.",1/16/2018,1
14,Cory Booker,corybooker,politician,Met some incredible people supporting the reelection of @senatorbaldwin at her campaign's Milwaukee headquarters opening this weekend. Tammy is a tireless fighter for families in Wisconsin whose leadership we need in the Senate -- I hope you'll consider giving a small contribution to her campaign: TammyBaldwin.com/Donate,3/4/2018,1
15,Cory Booker,corybooker,politician,"Call me a geek. But the first time I heard Yoda’s quote: “Fear is the path to the dark side. Fear leads to anger. Anger leads to hate. Hate leads to suffering.” It spoke to me (though I think anger is a productive emotion but that is another post). The leaders I admire are ones who call to our courage,; who call us to hope; and to our common aspirations and that call us to kindness.
I worry about those who nurture fears; who prey on our fears and darker angels.
From Gandhi to Martin Luther King, my office has pictures of people who called on us to confront fear and be apostles of faith, hope and love.
And perhaps a leadership trait that I admire most are those who challenge us to look within - to understand that “we are the leaders we have been looking for.” Those who challenge us to cultivate and unleash our best selves, our fearless selves onto the world.
There is a quote I love, that most of you probably know, it is often misattributed to Nelson Mandela (somehow that mistake is almost understandable). I end this Sunday evening by sharing it with you for a re-read.
May we all be better agents or apostles of light and not darkness; hope and not despair; healing and not hurt; of elevating human dignity not denigrating human hearts; and may we better be champions of faith not fear. . . And may we start with ourselves. “Our deepest fear is not that we are inadequate. Our deepest fear is that we are powerful beyond measure. It is our light, not our darkness that most frightens us. We ask ourselves, 'Who am I to be brilliant, gorgeous, talented, fabulous?' Actually, who are you not to be? You are a child of God. Your playing small does not serve the world. There is nothing enlightened about shrinking so that other people won't feel insecure around you. We are all meant to shine, as children do. We were born to make manifest the glory of God that is within us. It's not just in some of us; it's in everyone. And as we let our own light shine, we unconsciously give other people permission to do the same. As we are liberated from our own fear, our presence automatically liberates others.” Marianne Williamson",4/30/2018,1
16,Cory Booker,corybooker,politician,"In the words of the great James Baldwin: ""I love America more than any other country in this world, and, exactly for this reason, I insist on the right to criticize her perpetually""⠀
⠀
Today I mark Baldwin’s birthday and celebrate his life.",8/2/2018,1
17,Cory Booker,corybooker,politician,"So great to campaign with Mikie Sherrill @mikiesherrill today. She is an incredible candidate - former assistant US Attourney, former navy helicopter pilot, mother of four.
Her face is one of those critical ones we need to flip if we are to win back the House of Representatives and provide a check and balance to Donald Trump.",9/22/2018,1
18,Cory Booker,corybooker,politician,"We face defeat⠀
But we are not defeated. ⠀
⠀
Knocked down⠀
But not knocked out. ⠀
⠀
A loss ⠀
But all is not lost. ⠀
⠀
Hope is the active conviction that despair will never, ever, have the last word. ⠀
⠀
This is not how the story ends.⠀
⠀
#Midterms",10/5/2018,1
19,Cory Booker,corybooker,politician,"I love Heidi Heitkamp, one of the toughest, most courageous and most independent, senators in our nation.
And I have no better friend in The Senate.
Honored to be in North Dakota campaigning with her.",11/2/2018,1
20,Cory Booker,corybooker,politician,"Thank you @cleowade for reminding us that:

the destiny of this country is not determined by our thoughts and prayers, but our actions and deeds.
Vote

Because “Faith without works is dead.” Vote
Because The arc of the universe is long and WE must bend it toward justice.
Vote
Because The opposite of justice is not injustice, it is inaction, indifference and apathy.
Vote
Because “if there is no struggle there is no progress.” Vote

Because there can be no harvest of blessings without tilling the soil, planting the seeds and doing the work.

Vote",11/4/2018,1
1,George Bush,georgewbush,politician,"Taping an interview about ""41: A Portrait of my Father"" with Bob Schieffer, airing tomorrow on CBS Sunday Morning (with a special appearance by @laurawbush) and Face the Nation. Order ""41"" at georgewbush.com.
",11/8/2014,0
2,George Bush,georgewbush,politician,"With Greta Van Susteren today in my old den at the George W. Bush Childhood Home in Midland, Texas. Tune into On The Record tonight at 7pm Eastern on FOX News. (This old house is a major setting in #41, my biography about Dad. As I wrote in the book, I've always wondered why they don't call it The George H.W. Bush Home Where George W. Happened To Live As A Child."")",11/17/2014,0
3,George Bush,georgewbush,politician,"Special to be back at Moody Air Force base for the first time since pilot training in 1969. Thanks for coming by the Exchange to get your copies of ""41"" signed.",12/4/2014,0
4,George Bush,georgewbush,politician,"Today @jebbush launched The Right to Rise, a leadership PAC dedicated to making America a place of unlimited opportunity. @laurawbush and I are proud to support my brother and contribute.",1/6/2015,0
5,George Bush,georgewbush,politician,"#tbt to 20 (!) years ago this week. ""The history of our special land tells us this: that what Texans can dream, Texans can do. To be your Governor is an unimaginable honor. Thank you for your confidence in me, and God bless Texas."" Photo from ""41: A Portrait of my Father"" taken by Rodger Mallison for the Fort Worth Star-Telegram.",1/15/2015,0
6,George Bush,georgewbush,politician,"In Selma, Alabama, commemorating the 50th anniversary of Bloody Sunday - a seminal date in the history of human rights and dignity. Honored to be here with the President and Mrs. Obama, @laurawbush, and many of the original Selma foot soldiers who marched 50 years ago, including Congressman John Lewis. #MarchOn",3/7/2015,0
7,George Bush,georgewbush,politician,"Ronald Reagan, pictured here at Wrigley Field in 1988, was the first President to throw his first pitch from the pitcher’s mound. @thebushcenter's new exhibit, “Baseball: America’s Presidents, America’s Pastime,” explores the close relationship between our presidents and the game of baseball. Come visit - open now through October. (Photo Courtesy of the Ronald Reagan Presidential Library and Museum.) #tbt #PresidentsPastime",4/2/2015,0
8,George Bush,georgewbush,politician,Congrats to the Warriors on finishing this morning's 30-mile ride strong and together. Tomorrow's 20-miler will feel easy after this. #W100k @thebushcenter,5/1/2015,0
9,George Bush,georgewbush,politician,Great day for a mountain bike ride with some fine men who have served and are serving our country. America is the land of the free because it is the home of the brave. @laurawbush and I are grateful for our liberties and for those who defend them. Happy Independence Day.,7/4/2015,0
10,George Bush,georgewbush,politician,"In Gulfport, Mississippi, with @laurawbush thanking first responders who rushed IN to danger along the Gulf Coast after Hurricane Katrina to deliver food, water, supplies, and a lifeline.",8/28/2015,0
11,George Bush,georgewbush,politician,Michael (@monsterzdad) and Kelly each served multiple deployments and supported each other through tough transitions to civilian life. I’m unbelievably proud of these leaders and of all our veterans. For more from our conversation head over to @thebushcenter.,11/10/2017,1
12,George Bush,georgewbush,politician,"A great man, a humble servant, and a shepherd to millions has passed on. Billy Graham was a consequential leader. He had a powerful, captivating presence and a keen mind. He was full of kindness and grace. His love for Christ and his gentle soul helped open hearts to the Word, including mine. @laurawbush and I are thankful for the life of Billy Graham, and we send our heartfelt condolences to the Graham family.",2/21/2018,1
13,George Bush,georgewbush,politician,"My dear mother has passed on at age 92. Laura, Barbara, Jenna, and I are sad, but our souls are settled because we know hers was. Barbara Bush was a fabulous First Lady and a woman unlike any other who brought levity, love, and literacy to millions. To us, she was so much more. Mom kept us on our toes and kept us laughing until the end. I’m a lucky man that Barbara Bush was my mother. Our family will miss her dearly, and we thank you all for your prayers and good wishes.",4/17/2018,1
14,George Bush,georgewbush,politician,"Congratulations to our 2018 Warrior Open Pro-Am champions: @rickiefowler, Command Sergeant Major William Paul, and Corporal Andrew Gitto! A truly wonderful day celebrating our nation’s veterans. ⛳️🏆 #warrioropen #knowourvets",5/21/2018,1
15,George Bush,georgewbush,politician,"@LauraWBush and I are deeply saddened by the loss of an intellectual giant and dear friend, Charles Krauthammer. For decades, Charles’ words have strengthened our democracy. His work was far-reaching and influential - and while his voice will be deeply missed, his ideas and values will always be a part of our country. We send our thoughts and prayers to Robby, Daniel, and the entire Krauthammer family.",6/21/2018,1
16,George Bush,georgewbush,politician,"Thankful to my pals for serving our country, overcoming their wounds of war, and coming to the ranch to help me ring in 72 on the right foot.",7/6/2018,1
17,George Bush,georgewbush,politician,"Some lives are so vivid, it is difficult to imagine them ended. Some voices are so vibrant, it is hard to think of them stilled. John McCain was a man of deep conviction and a patriot of the highest order. He was a public servant in the finest traditions of our country. And to me, he was a friend whom I'll deeply miss. Laura and I send our heartfelt sympathies to Cindy and the entire McCain family, and our thanks to God for the life of John McCain.",8/25/2018,1
18,George Bush,georgewbush,politician,“This is a day I will certainly never forget. This morning we pause to say a prayer for the lives lost.”,9/11/2018,1
19,George Bush,georgewbush,politician,"Barbara is named for a unique and strong woman — and rightly so, because she is unique and strong. @laurawbush and I are so proud of our compassionate, daring, fierce, kind, intelligent, loving daughter. And we’re thrilled to welcome Craig Coyne to our family",10/8/2018,1
20,George Bush,georgewbush,politician,"Awesome #VeteransDay in Philly with @laurawbush and @thebushcenter honoring the skill, the courage, and the sheer decency of those who served us in the United States military. Thanks @constitutionctr, @travismanionfoundation, @philadelphiaeagles, and @dallascowboys for helping us pay tribute to America’s veterans.",11/11/2018,1
1,Nancy Pelosi,speakerpelosi,politician,"It's been more than 500 days since the Senate passed bipartisan comprehensive #ImmigrationReform. If Speaker Boehner and House Republicans refuse to bring this bill to the floor for a vote, the President must take #ImmigrationAction - and there is precedent for him to do so. #CIR #TimeIsNow #Ready4Relief",11/20/2014,0
2,Nancy Pelosi,speakerpelosi,politician,"The Nation mourns as @thecolbertreport's grand finale airs this evening -- a loss for ""truthiness"" advocates across America! I'm proud to dedicate this #ThrowbackThursday in your honor, @stephencolbert: goo.gl/D0akns (VIDEO) #TBT",12/18/2014,0
3,Nancy Pelosi,speakerpelosi,politician,Was honored to meet @thebandperry (and their parents too!) at the Grammys on the Hill reception. Thank you to the Recording Academy and the Recording Arts and Sciences Congressional Caucus for hosting today's event! #latergram,1/13/2015,0
4,Nancy Pelosi,speakerpelosi,politician,"Visitng Zamni Beni, which was founded after the devastating 2010 earthquake that left so many children in Port-au-Prince vulnerable and homeless.",2/21/2015,0
5,Nancy Pelosi,speakerpelosi,politician,"Paying my tributes to a great heroine of the civil rights movement at the #RosaParks Museum in Montgomery, Alabama.",3/8/2015,0
6,Nancy Pelosi,speakerpelosi,politician,Too many women are sexually assaulted while in college. I was privileged to join Governor Cuomo earlier today to discuss the need to address this epidemic. #EnoughIsEnough,5/11/2015,0
7,Nancy Pelosi,speakerpelosi,politician,Education for girls can change the world. #Malala Yousafzai is courage personified and she is an inspiration to us all!,6/23/2015,0
8,Nancy Pelosi,speakerpelosi,politician,"As co-chair of the Hidden Heroes Caregivers Caucus, I'm so thrilled to join the Paralyzed Veterans of America to honor Senator Bob Dole and to celebrate the 25th anniversary of the Americans with Disabilities Act -- legislation that has changed the lives of so many in this country. ‪#‎ADA25‬",7/28/2015,0
9,Nancy Pelosi,speakerpelosi,politician,"On the Maidan honoring the Heavenly Hundred, who were killed standing up for the rights and freedom of Ukraine's people.",8/5/2015,0
10,Nancy Pelosi,speakerpelosi,politician,Shutting down the government in order to shut down Planned Parenthood undermines the respect women deserve and undermines the respect our economy deserves. #StandWithPP,9/29/2015,0
11,Nancy Pelosi,speakerpelosi,politician,"George Washington University School of Medicine & Health Sciences student Max Ruben is here today calling on Congress to stand with students & stop #GOPTaxScam. Thanks Max!
",11/7/2017,1
12,Nancy Pelosi,speakerpelosi,politician,Heartbroken to hear of the passing of San Francisco Mayor Ed Lee. He was a true champion for the people & a dear friend to the many lucky enough to know him. My deepest love & prayers are with his wife Anita & daughters Brianna & Tania.,12/12/2017,1
13,Nancy Pelosi,speakerpelosi,politician,Incredibly thankful to all of our speakers for taking time today to discuss the local impact of the #GOPTaxScam with our SF community.,1/13/2018,1
14,Nancy Pelosi,speakerpelosi,politician,Speaker Ryan and Republicans in Congress must listen to the voices of Americans who want action to #EndGunViolence. #NeverAgain,2/20/2018,1
15,Nancy Pelosi,speakerpelosi,politician,"The progress forged by generations of American women stands as testament to their indomitable spirit, affirming this vital truth: that when #WomenSucceed, America succeeds. #WomensHistoryMonth
",3/1/2018,1
16,Nancy Pelosi,speakerpelosi,politician,"Thrilled to join Aaron Lehman on his father’s farm in Slater, Iowa, & incredibly thankful to each & every person who took the time from planting season to come share their experiences & insight today. Together we can ensure the #FarmBill supports the farm economy, instead of acting as an ideological tool.
",5/7/2018,1
17,Nancy Pelosi,speakerpelosi,politician,"The #GOPTaxScam for the rich has handed soaring profits to wealthy corporations from Big Phama to Wall Street, but hard-working Americans have seen their real wages stagnate.
",8/29/2018,1
18,Nancy Pelosi,speakerpelosi,politician,"Earlier this year, I had the privilege of speaking with First Lieutenant Joseph Rocha to discuss the repeal of the discriminatory “Don’t Ask, Don’t Tell” policy, which the Congress voted to repeal during my time as Speaker and finally ended seven years ago today. On that day, America took an important step towards recognizing its highest ideals of equality. Yet it’s impossible to recognize this anniversary without acknowledging Trump’s hateful ban on transgender Americans serving in the military of the nation they love. This vile policy belongs in the ash heap of history, along with #DADT.",9/20/2018,1
19,Nancy Pelosi,speakerpelosi,politician,"Thank you, Willie, for all you did for baseball & our Bay Area community. Paul & I are praying for Estela & your entire family. You will be missed by the legions of players, fans & admirers you inspired on & off the field. #Forever44",10/31/2018,1
20,Nancy Pelosi,speakerpelosi,politician,"Even a cursory glance at the @housegop majority shows they have no qualms about using the powers of the House for political purposes. Democrats, on the other hand, will ensure the House is committed to the strategic truth-seeking Americans expect. @facethenation
",11/12/2018,1
1,Mitch McConnell,leadermcconnell,politician,Taking the stage @AIPAC to discuss the importance of a strong relationship with Israel.,3/3/2015,0
2,Mitch McConnell,leadermcconnell,politician,Senate Republicans call for the passage of the bipartisan Justice For Victims of Trafficking Act #EndTrafficking,3/10/2015,0
3,Mitch McConnell,leadermcconnell,politician,"Today marks the 150th anniversary of the day Abraham Lincoln, America's 16th President, was assassinated. This portrait of President Lincoln and his son Tad hangs in my Capitol office as a reminder of his strength, resolve, and commitment to liberty and freedom for all. #lincoln150",4/14/2015,0
4,Mitch McConnell,leadermcconnell,politician,Today we welcomed Shinzo Abe to the Capitol as the first Japanese Prime Minister to give a speech to a Joint Meeting of Congress.,4/29/2015,0
5,Mitch McConnell,leadermcconnell,politician,TPA is essential for growing our American economy.,5/18/2015,0
6,Mitch McConnell,leadermcconnell,politician,"Commemorating those who served in Vietnam: To the thousands of Americans who fell in service to their country, our country honors you, our country thanks you, our country will not forget you.",7/8/2015,0
7,Mitch McConnell,leadermcconnell,politician,"The horrendous videos of #plannedparenthood call for Congressional action. Thank you to @senjoniernst, @senatorlankford, and Senator Paul for leading the effort to address this issue.",7/29/2015,0
8,Mitch McConnell,leadermcconnell,politician,The Senate has accomplished quite a lot in its first 6 months. #backtowork,8/6/2015,0
9,Mitch McConnell,leadermcconnell,politician,"This afternoon Brian Welch visited my office. His father, Chief Warrant Officer Kenneth Welch of the US Army, was killed by Iranian-backed terrorists.",9/8/2015,0
10,Mitch McConnell,leadermcconnell,politician,This critical defense bill is now its way to the @whitehouse.,10/20/2015,0
11,Mitch McConnell,leadermcconnell,politician,Tax reform is critical for middle class Americans and economic growth.,11/14/2017,1
12,Mitch McConnell,leadermcconnell,politician,"Today, Bob Dole was awarded the Congressional Gold Medal, the highest honor Congress can give. From one Senate Majority Leader to another, thank you for all that you have given to our great nation.",1/17/2018,1
13,Mitch McConnell,leadermcconnell,politician,"I want to thank Leader Schumer for joining me this afternoon, and for the productive discussions that generated a bipartisan & bicameral deal to fund our military and Veterans, combat the opioid crisis, provide for disaster relief, and invest in our nation's infrastructure.",2/7/2018,1
14,Mitch McConnell,leadermcconnell,politician,"Happy 209th birthday to our 16th President and Kentucky native, Abraham Lincoln.
",2/12/2018,1
15,Mitch McConnell,leadermcconnell,politician,"Billy Graham lifted up a nation, not because he occupied the spotlight so well, but because he knew he wasn't the one who belonged in it.",3/1/2018,1
16,Mitch McConnell,leadermcconnell,politician,"Israel's beacon of democracy must always shine through the darkness. And America will be right there, standing proudly alongside her.
Thank you for visiting the Capitol today, Mr. Prime Minister.",3/6/2018,1
17,Mitch McConnell,leadermcconnell,politician,"Barbara Bush wielded her formidable qualities on behalf of her nation, the family she loved, and the many worthy causes she supported. The nation joins the Bush family, their many friends, and all the country in their grief, and in prayer.",4/18/2018,1
18,Mitch McConnell,leadermcconnell,politician,America will miss her devoted son. I will miss my friend.,8/28/2018,1
19,Mitch McConnell,leadermcconnell,politician,I’m proud of the Senate for confirming Brett Michael Kavanaugh to be an associate justice of the Supreme Court of the United States.,10/6/2018,1
20,Mitch McConnell,leadermcconnell,politician,Justice Kavanaugh is among the very best our nation has to offer. #confirmed #tbt,10/11/2018,1
1,Elise Stefanik,elisestefanik,politician,Willsboro supporters casting their ballots for a new generation of leadership! #Ny21,11/4/2014,0
2,Elise Stefanik,elisestefanik,politician,Thanks to Congressman Bill Owens for an excellent transition meeting discussing constituent services and #NY21 district issues.,11/18/2014,0
3,Elise Stefanik,elisestefanik,politician,"Yesterday, I visited Mohawk Harvest Cooperative for the second time in Fulton County - a great local business that sells and markets NY Ag products! #golocal Great stop for holiday gifts!",12/20/2014,0
4,Elise Stefanik,elisestefanik,politician,Showing @cheerkat11 @mcflurry16 the #Ny21 office - they are excited to attend tonight's State of the Union,1/20/2015,0
5,Elise Stefanik,elisestefanik,politician,So great to see my good friend @danagibber and her sister @liniklatt at our Education and Workforce markup! We discussed their new civic engagement start up.,2/11/2015,0
6,Elise Stefanik,elisestefanik,politician,Whiteface #selfie !,3/8/2015,0
7,Elise Stefanik,elisestefanik,politician,Our district map is coming together!! #Ny21,4/13/2015,0
8,Elise Stefanik,elisestefanik,politician,Visited RBI Bats in New Bremen in Lewis County to promote job creation and NY manufacturing,5/5/2015,0
9,Elise Stefanik,elisestefanik,politician,Fun night to stop by and chat with all the College Republicans!,6/11/2015,0
10,Elise Stefanik,elisestefanik,politician,Touring #Google headquarters in DC with @repannwagner and @rep_mimiwalters before Empowered Women panel,7/14/2015,0
11,Elise Stefanik,elisestefanik,politician,Very moving meeting with lung cancer activists for their first ever rally with 150+ attendees on Capitol Hill organized by one of my constituents for Lung Cancer Awareness Month #NY21 -- Did you know the fastest growing population of lung cancer patients is young women? Did you know our veterans have a 25% higher risk for developing lung cancer than civilians? Did you know lung cancer is the leading cause of cancer death in both men and women?,11/2/2017,1
12,Elise Stefanik,elisestefanik,politician,Great to hear from local businesses like Potters Industries in Potsdam about how our legislative efforts help protect #NY21 manufacturing jobs! Thanks for engaging in the policy process 🇺🇸,12/5/2017,1
13,Elise Stefanik,elisestefanik,politician,"Pickling success! Over the holidays, I first attempted pickling with odds and ends vegetables that were unused from the fridge. Tried them yesterday and they tasted great! 🥕 (cc: @awidowfrommaine - our car ride discussion in Lewis County inspired me!)",2/11/2018,1
14,Elise Stefanik,elisestefanik,politician,Another fun photo from this morning on @uscapitol steps with Whitehall High School 10th Graders 🇺🇸,3/16/2018,1
15,Elise Stefanik,elisestefanik,politician,Wow. This book blew me away. I had the opportunity to meet the amazing Gayle Tzemach Lemmon recently in my office to discuss her upcoming book and decided to read her previous works. An incredible story of a young woman entrepreneur in Afghanistan. Highly recommend.,4/1/2018,1
16,Elise Stefanik,elisestefanik,politician,"Great to meet with this young #NY21 family from Watertown as part of the Zero to Three Program advocating for issues like childcare, early intervention programs, and children's health funding. Missing in this photo is the middle child Sasha who was snoozin' on my couch! 😴 Thanks to this hard working Mom Emily for making time to advocate for your kids!",5/8/2018,1
17,Elise Stefanik,elisestefanik,politician,#TBT - Happy Birthday today to my oldest friend @angbehling ! Found this photo recently from nursery school and just had to post. 🎂 🍰,8/9/2018,1
18,Elise Stefanik,elisestefanik,politician,One of the best places in Upstate NY! @saratogaapple for cider donuts!!! 🍎 🍏 #NY21,9/16/2018,1
19,Elise Stefanik,elisestefanik,politician,"Great Five Towns GOTV Rally this morning in Corinth! Thanks to the voters from Edinburg, Day, Hadley, Providence, and Corinth for participating and taking yard signs #NY21 🇺🇸",10/6/2018,1
20,Elise Stefanik,elisestefanik,politician,Great turnout at today’s Meet and Greet in Milton! This is another Elise - I always love meeting the young Elises across the district and the country #NY21 🇺🇸,10/20/2018,1
1,Hakeem Jeffries,repjeffries,politician,"One yr ago, a mother lost a son, a wife lost a husband, children lost a father and heaven gained a martyr #EricGarner",7/17/2015,0
2,Hakeem Jeffries,repjeffries,politician,"Ghost in the House, taking #Power to another level! Brilliant writing, Courtney & acting, Omari!",7/23/2015,0
3,Hakeem Jeffries,repjeffries,politician,A strong step in the right direction @corybooker @jasoninthehouse #criminaljusticereform http://www.wsj.com/articles/pell-grants-to-be-restored-for-prisoners-1438029241,7/28/2015,0
4,Hakeem Jeffries,repjeffries,politician,Law school graduation. Seems like yesterday. @nyulaw #magnacumlaude #TBT,7/30/2015,0
5,Hakeem Jeffries,repjeffries,politician,Had a remarkable discussion with legendary Talking Heads frontman David Byrne #TBT,8/13/2015,0
6,Hakeem Jeffries,repjeffries,politician,"Legendary Congressman, Statesman, #Kappa Man & Attorney Extraordinaire #LouisStokes departs for Heaven. May he Rest In Peace.",8/19/2015,0
7,Hakeem Jeffries,repjeffries,politician,Left for New Orleans this morning with @BarackObama & Rep. Richmond to commemorate the 10th anniversary of #HurricaneKatrina,8/27/2015,0
8,Hakeem Jeffries,repjeffries,politician,Inspirational night at the CBCF Phoenix Award dinner with @repjohnlewis & @omarihardwickofficial,9/22/2015,0
9,Hakeem Jeffries,repjeffries,politician,Discussed #votingrights and the absurdity of inmate #redistricting with @rolandsmartin on NewsOne this morning.,10/9/2015,0
10,Hakeem Jeffries,repjeffries,politician,"""I made a promise to the district I represent to be the strongest possible voice. In order to be that voice, I've got to have the opportunity to serve in the majority, because that's when you can be most effective as a member of Congress."" #PoliticoPlaybook @politico
http://www.politico.com/events/2015/11/new-york-playbook-215348?slide=2",11/16/2015,0
11,Hakeem Jeffries,repjeffries,politician,Republicans may shutdown government in 2 days. White House wasting taxpayer dollars on holiday party tonight. Are you kidding me?‬,12/6/2017,1
12,Hakeem Jeffries,repjeffries,politician,Blasted so-called President on House Floor this morning. How dare this guy lecture us about TREASON?? #FakePresident #NotToday #GetYourBoy,2/6/2018,1
13,Hakeem Jeffries,repjeffries,politician,"Dropping 🔥 for the next 10 days. Each day, I will honor female MCs who have ripped the track over their male counterparts. Updates each day on Twitter and FB!
http://www.complex.com/music/2018/02/brooklyn-congressman-to-honor-female-hip-hop-artists-for-womens-history-month.

#WomensHistoryMonth #HipHop #StraightOuttaCongress",3/1/2018,1
14,Hakeem Jeffries,repjeffries,politician,Thankful to those who came out this weekend to our community conversation on gun violence prevention. #Enough #Brooklyn #Parkland,4/8/2018,1
15,Hakeem Jeffries,repjeffries,politician,‪Raining outside? No Problem. The people of East New York aren’t fazed #CongressOnYourCorner marches on! ‬,5/12/2018,1
16,Hakeem Jeffries,repjeffries,politician,"Made a surprise #FathersDay visit to Trump’s immigration detention center. Planned to meet with dads separated from their families. They refuse to let us in.
.
We will #resist ✊🏾
.
.
#KeepingFamiliesTogether",6/17/2018,1
17,Hakeem Jeffries,repjeffries,politician,"African Americans are about 13% of the US, but just 3% of Silicon Valley, which is unacceptable. Hats off to @congressionalblackcaucus and all involved in starting the conversation.
#Tech
#CBCTech2020",8/9/2018,1
18,Hakeem Jeffries,repjeffries,politician,"#ShirleyChisholm was an icon, not just for all of us in #Brooklyn, but for the entire nation. I am proud New York City’s newest and biggest state park will bear her name.",9/6/2018,1
19,Hakeem Jeffries,repjeffries,politician,Democrats are #ForThePeople. Republicans are for the corrupt special interests. It’s as true today as it was when I said this months ago. #FBF #EndCorruption #FightingForThePeople #Democrats,10/12/2018,1
20,Hakeem Jeffries,repjeffries,politician,The time has come. @dougcollinsga and I passed the #FirstStepAct in May. Now the Senate must act. #criminaljustice #criminaljusticereform #prisonreform @nytimes,11/14/2018,1
1,Mia Love,mialoveutah,politician,"Remember to vote tomorrow. I need everyone to show up at the polls. Last campaign we fell short 768 votes. We can't do that again. Now remember, President Obama has made it clear that he is not on the ballot but his policies are. We need to support people that are going to push back against his policies and amplify Utah's voice. I am that person. I work for you. See you all tomorrow and God bless you all my dear friends.",11/3/2014,0
2,Mia Love,mialoveutah,politician,Made donuts Thursday and bread pudding today. Bonding with the girls is going to cost me big time. Emphasis on big.,12/12/2014,0
3,Mia Love,mialoveutah,politician,First Finance committee meeting. Just voted to allow the chairman to subpoena people working for the bureaucracies to be questioned in front of the public. Transparency! No more back door negotiations or deals in this committee.,1/15/2015,0
4,Mia Love,mialoveutah,politician,"Yes I also decided to feed this cute baby at Kneaders. Her name is Kamaalahi, or Lulu to me. ☺",1/31/2015,0
5,Mia Love,mialoveutah,politician,"Finally home with my kiddos. Everyday I spend in DC, helps me appreciate the great state of Utah more.",2/14/2015,0
6,Mia Love,mialoveutah,politician,"""On March 7, 1965, an estimated 525 to 600 civil rights marchers headed east out of Selma on U.S. Highway 80, where they found a wall of state troopers and county posse waiting for them on the other side. Televised images of this brutal attack presented Americans and international audiences with horrifying images of marchers left bloodied and severely injured. In all, seventeen marchers were hospitalized; the day is now referred to as ""Bloody Sunday"". These are some of the brave souls who sacrificed in order to preserve the promise of liberty found in the Declaration of Independence, "" We hold these truths to be self-evident, that all men are created equal, that they are endowed by their Creator with certain unalienable Rights, that among these are Life, Liberty and the pursuit of Happiness"". They are an example of non-violent unity, hope, courage and strength for all Americans. They are the stewards of liberty and love. Let us all remember that day and salute the courage of these heroes by caring, loving, standing up and speaking out for each other, not against one another. May God's blessings be upon this land of liberty for all.",3/8/2015,0
7,Mia Love,mialoveutah,politician,"1 of my favorite things to do when I'm home is to play catch with the kiddos, even if it is hot and I'm in a dress.",6/30/2015,0
8,Mia Love,mialoveutah,politician,I have taught my kids to love this country and grow to defend it. When he saw the bald eagle and the flag he waited in line for this pic. How awesome!,7/4/2015,0
9,Mia Love,mialoveutah,politician,There is nothing more important than faith and family time. Enjoying the beauty of Utah's canyons.,7/12/2015,0
10,Mia Love,mialoveutah,politician,Teaching how to drive. One of the many reminders of how old we are getting.,7/18/2015,0
11,Mia Love,mialoveutah,politician,First child. Prom night. So blessed to be a mother to these kids. Have fun tonight sweetie. Dad and I are so proud of you.,3/11/2018,1
12,Mia Love,mialoveutah,politician,"Alessa just received the Utah State Ambassador Scholarship. I am so proud of this young woman who has worked so hard for every grade she earned. The sleepless nights, hard days, and staying on the high honors role hasn’t been easy. What I’m most proud of is, that she has looked for opportunities to be kind to everyone, especially those who left her out and those who were also left out. She has always opened her arms to everyone. Very happy family moment. #GoAggies #USU.",4/30/2018,1
13,Mia Love,mialoveutah,politician,First day of CrossFit with this amazing lady to kick my butt. Why? Upper body strength = less burpees.,8/16/2018,1
14,Mia Love,mialoveutah,politician,Sending off my first baby to college. So happy for her....so sad for me. #usu #goaggies,8/18/2018,1
15,Mia Love,mialoveutah,politician,"Ok. All kids off to school. 1 to college, 1 to high school and 1 in 6th grade. All very different but all super kind and sweet. I love being their mom.",8/21/2018,1
16,Mia Love,mialoveutah,politician,This girl has no idea how cute she is.,8/21/2018,1
17,Mia Love,mialoveutah,politician,Pies and ice cream with the girls. Get your head in the game!,9/1/2018,1
18,Mia Love,mialoveutah,politician,"At Utah State Fair with the family. Met a really talented working artist from Lehi, Dan Wilson. Beautiful work.",9/8/2018,1
19,Mia Love,mialoveutah,politician,Go Aggies. Love Utah schools. My daughter is killin it out in Logan.,9/22/2018,1
20,Mia Love,mialoveutah,politician,@spidadmitchell One of the most humble and kind professional athletes. He also said my husband looks like Mathew McConaughey. Can’t be mad at that.,9/23/2018,1
1,Bernie Sanders,berniesanders,politician,Are you ready for a political revolution? 📷: @chrisdilts,5/26/2015,0
2,Bernie Sanders,berniesanders,politician,Thick-rimmed black glasses on Mayor Sanders in the 1980's. Classic. #tbt,6/25/2015,0
3,Bernie Sanders,berniesanders,politician,Let’s get to work. Text WORK to 82623 to get started on our campaign.,7/29/2015,0
4,Bernie Sanders,berniesanders,politician,"We are saying to every kid in America, ‘If you study hard, if you do your work, you will in fact be able to get all the education you need, regardless of the income of your family.'",7/23/2015,0
5,Bernie Sanders,berniesanders,politician,"Portland set the record tonight as 28,000 showed up for our rally. The momentum is nothing less than extraordinary.",8/10/2015,0
6,Bernie Sanders,berniesanders,politician,I believe in real family values. And that means joining the rest of the industrialized world and guaranteeing paid medical and family leave.,8/14/2015,0
7,Bernie Sanders,berniesanders,politician,Photo Gallery: View the first 100 days of the Bernie Sanders Presidential Campaign: http://Bernie.to/PhotoGallery-100Days,9/11/2015,0
8,Bernie Sanders,berniesanders,politician,"This political revolution is about starting the work to repair this country for our children and grandchildren, and many generations to come. #BabiesForBernie (Photo Credit: M.C. Thorpe)",10/8/2015,0
9,Bernie Sanders,berniesanders,politician,"While other candidates may have more money, we have the people. Let’s show them what happens when we unite. #IDPJJ",10/24/2015,0
10,Bernie Sanders,berniesanders,politician,"I can assure you from the depth of my heart that when I grew up in a three-and-a-half-room apartment in Brooklyn, New York – a rent-controlled apartment – that no one ever thought, or I ever thought, I would become president of the United States.",11/18/2015,0
11,Bernie Sanders,berniesanders,politician,"Tune in tonight at 9 ET on CNN as my colleague Senator Maria Cantwell and I debate Senator Ted Cruz and Senator Tim Scott on the Republican ""tax reform"" plan, a plan that would raise taxes on middle class families, throw 13 million Americans off of health insurance and make the rich richer at the expense of everyone else.",11/28/2017,1
12,Bernie Sanders,berniesanders,politician,"Last night, trillions of dollars were stolen from the American people. Well, I have news for Mitch McConnell and Paul Ryan: You are not going to get away with it. #TaxScamBill",12/2/2017,1
13,Bernie Sanders,berniesanders,politician,"Jewish community leaders protested today to protect the 800,000 young Dreamers who must be allowed to stay in America. We need a clean DREAM Act now.",1/17/2018,1
14,Bernie Sanders,berniesanders,politician,With a few tweaks I think @yasielpuig has 30 home runs in him this year.,3/11/2018,1
15,Bernie Sanders,berniesanders,politician,"Congratulations to the JetBlue crew members who overwhelmingly voted to join the Transport Workers Union. That is a significant victory for JetBlue workers, for the labor movement and for our country.",4/23/2018,1
16,Bernie Sanders,berniesanders,politician,I was pleased to be joined by so many Vermonters in the Essex Memorial Day Parade. Memorial Day is a time to honor those who made the ultimate sacrifice in defense of our country. We will never forget them.,5/29/2018,1
17,Bernie Sanders,berniesanders,politician,I had the pleasure of meeting with two great political revolutionaries @summerforpa and @saraforpa - newly elected members to the Pennsylvania State House.,7/15/2018,1
18,Bernie Sanders,berniesanders,politician,"John McCain was an American hero, a man of decency and honor and a friend of mine. He will be missed not just in the U.S. Senate but by all Americans who respect integrity and independence. Jane and I send our deepest condolences to his family.",8/26/2018,1
19,Bernie Sanders,berniesanders,politician,This is very good news. We can't properly reform our broken criminal justice system without ending the death penalty. We must abolish the death penalty once and for all.,10/11/2018,1
20,Bernie Sanders,berniesanders,politician,Stopped by an old favorite spot of mine today - the New York Public Library.,11/26/2018,1
1,Tulsi Gabbard,tulsigabbard,politician,Early morning start on the job today #PunaLavaFlow #GoGuard,11/5/2014,0
2,Tulsi Gabbard,tulsigabbard,politician,"Gen. Dalbir Singh, Chief of the Army, spent a few months studying at Hawaii's Asia Pacific Center for Security Studies. We discussed many topics, including the need to join forces in the fight against Islamic extremist terrorists, and the importance of partner-building military-to-military engagements between PACOM and Indian military. #TulsiIndia #Army #Military",12/16/2014,0
3,Tulsi Gabbard,tulsigabbard,politician,Doing our thing ... #TulsiAndAbraham #surfing #Hawaii,2/16/2015,0
4,Tulsi Gabbard,tulsigabbard,politician,"Mahalo to these beautiful ladies, volunteering at the West Hawaii Civic Center info kiosk! #service #HawaiiIsland",3/11/2015,0
5,Tulsi Gabbard,tulsigabbard,politician,Parents of the bride and groom and guests bless the wedding rings. #TulsiAbeWedding,4/10/2015,0
6,Tulsi Gabbard,tulsigabbard,politician,"Great conversation at today's @nationaljournal #DCWomen event, with a focus on getting more women running for office and involved in the political process.",5/19/2015,0
7,Tulsi Gabbard,tulsigabbard,politician,Thousands are gathered here in Charleston this morning to honor and celebrate the life of Senator and Reverend Clementa Carlos Pinckney. #CharlestonStrong,6/26/2015,0
8,Tulsi Gabbard,tulsigabbard,politician,"It was an honor to present awards to five people who have made great contributions to our community at the Japanese Cultural Center of Hawaii's ""Sharing the Spirit of Aloha"" Gala on Saturday night. #aloha",7/28/2015,0
9,Tulsi Gabbard,tulsigabbard,politician,"The atmosphere here in #Kona is electric as we cheer these incredible athletes across the finish line. 2.4 mile open ocean swim, 112 mile bike ride, and a 26.2 mile run. Big thanks to all the volunteers, first responders, and community who support this event every year! #konaironman2015",10/11/2015,0
10,Tulsi Gabbard,tulsigabbard,politician,One mile ... no sweat. Two miles ... better yet.  Nothing like the Army PT test to start your day #Hooah #GoGuard PhotoCred: @mrs.kandersen,11/8/2015,0
11,Tulsi Gabbard,tulsigabbard,politician,#fbf to ocean adventures and hanging in the Queen’s Bath with my guy @abrahamwilliamsdp. Love you so much! It’s good to be home. #hawaii #aloha #alohafriday,11/17/2017,1
12,Tulsi Gabbard,tulsigabbard,politician,"Sending you love, aloha, and warm wishes during these holidays! Have a Merry Christmas and a new year filled with aloha! #love #aloha",12/24/2017,1
13,Tulsi Gabbard,tulsigabbard,politician,"#UnrigTheSystem - Glad to join conservatives and liberals in NoLa this weekend, working together to fix our broken political system!",2/3/2018,1
14,Tulsi Gabbard,tulsigabbard,politician,"Too good not to share. I’m on the plane and still cracking up about this. You know you’re in Hawaii when an announcement like this comes over the PA, and most people on the plane just shrug their shoulders and laugh. Aloha and have a great weekend! #DontSweatTheSmallStuff #ILoveHawaii p.s. Now we are taking off ... with the baggage loaded.
",3/9/2018,1
15,Tulsi Gabbard,tulsigabbard,politician,"Activity is constant at Hanalei Bay with volunteers running their boats back and forth to Wainiha and Haena, helping people get in and out, bringing supplies to those cut off, and people trying to get back to their families. The aloha spirit in this community is so amazing and inspiring - everywhere you turn, people helping each other out, without thinking of themselves first. I’m really grateful to serve this community.",4/21/2018,1
16,Tulsi Gabbard,tulsigabbard,politician,Leilani Estates and Lanipuna Gardens are being evacuated due to lava flow. Red Cross shelters open and National Guard has been activated. Rolling power blackouts expected. Please be safe.,5/4/2018,1
17,Tulsi Gabbard,tulsigabbard,politician,"Yoga not only helps individuals develop greater inner peace and happiness, but it also helps foster global peace and harmony — it brings people together, from all different cultures and backgrounds, with respect and love. #internationalyogaday #yogalife #hawaii",6/21/2018,1
18,Tulsi Gabbard,tulsigabbard,politician,"Had to share this powerful artistry by Kepola Dudoit, whose story is so inspiring. Swipe right to read about her path from drug addiction, to incarceration, to empowerment. Thank you @ywcaoahu for sharing these cards with me - I’m going to have a hard time letting them go!",9/7/2018,1
19,Tulsi Gabbard,tulsigabbard,politician,"Today is #IndigenousPeoplesDay. There is no Hawaiʻi without Native Hawaiians. No America without Native Americans. No Alaska without Alaska Natives. We all continue to benefit greatly from the culture, language, wisdom and gifts they have shared with us, in spite of the injustice and hardship they’ve endured for generations. Today and always, we honor and thank them. Aloha.",10/8/2018,1
20,Tulsi Gabbard,tulsigabbard,politician,Wishing you all a Thanksgiving filled with gratitude and aloha! Shout out to my brothers and sisters in the Hawaii National Guard who are away from their families today - stay safe and come home soon! #thanksgiving #aloha,11/22/2018,1
1,Joe Rogan,joerogan,influencer,Pre show in the green room at @thecomedystore for the first time in 7 years. Felt really weird and really normal to be back at the same time. What an odd and very cool evening. Thank you to everyone that came out to the show!,11/14/2014,0
2,Joe Rogan,joerogan,influencer,Walking around @thecomedystore is like being inside a living museum of stand up comedy,12/5/2014,0
3,Joe Rogan,joerogan,influencer,"I deeply apologize for my ridiculous friends and I hope no one watching this just unexpectedly aroused. @arishaffir and @duncantrussell, how dare you.",1/4/2015,0
4,Joe Rogan,joerogan,influencer,Wrapping up another savage workout with the @onnit kettlebell chimp and my brother @thejustinmilos www.jampersonaltraining.com,2/13/2015,0
5,Joe Rogan,joerogan,influencer,"Oh, look who's here, sweet bitches! It's @bryancallen! Big Brown is on the way - epic podcast to follow!",3/3/2015,0
6,Joe Rogan,joerogan,influencer,"Vision of the future, from 1930. Pretty spot on in that if you see two people sitting together at a restaurant today it's likely they're ignoring each other and fucking with their phones.",4/9/2015,0
7,Joe Rogan,joerogan,influencer,"Post workout lunch: kimchee and bananas washed down with a bottle of Kombucha. I'm healthy as fuck, yo.",5/4/2015,0
8,Joe Rogan,joerogan,influencer,"Sea World, seriously consider how fucked and insane it is to make something like this live in a swimming pool.",6/4/2015,0
9,Joe Rogan,joerogan,influencer,"Lunch: Elk tenderloin from a wild beast I shot with my bow Wednesday morning, a dash of @elyucateco_hotsauce Chile Habanero on the side, Ezekiel bread with almond butter and a glass of @gtskombucha. #healthyasfuck #keephammering @hoytbowhunting",10/9/2015,0
10,Joe Rogan,joerogan,influencer,A completely stunned Golden Pony at the greatest upset in combat sports history. #ufc193 @tonyhinchcliffe,11/15/2015,0
11,Joe Rogan,joerogan,influencer,Pre-show vibes in NYC. Going over material and getting my mind right. Sometimes I forget how awesome this city is.,11/3/2017,1
12,Joe Rogan,joerogan,influencer,"Come get your party on at New Years Eve in LA at @thewiltern with the great @ianedwardscomic and me!
Tickets available for the early show http://joerogan.net/tour",12/6/2017,1
13,Joe Rogan,joerogan,influencer,"No matter how many famous people you meet it’s still weird when you’re talking to Mel Gibson for real.
I had a great time with him and Dr. Riordan on the podcast today.",1/18/2018,1
14,Joe Rogan,joerogan,influencer,These coconut cashew and dark chocolate protein bites from @onnit are legit as fuck.,3/10/2018,1
15,Joe Rogan,joerogan,influencer,"#Repost @thecomedystore
・・・
It is with great sadness and very heavy hearts that we report the passing of Mitzi Shore. Mitzi was an extraordinary woman and leader who identified, cultivated and celebrated comedy’s best performers.  She helped change the face of comedy and leaves behind an indelible mark and legacy in the entertainment industry and stand-up community.  We will all miss her dearly.

The Comedy Store will be closed today.",4/11/2018,1
16,Joe Rogan,joerogan,influencer,"Post-run 1st meal of the day: elk with spicy kimchi and @primalkitchenfoods chipotle lime mayo.
Soooo fucking delicious!",6/5/2018,1
17,Joe Rogan,joerogan,influencer,Backstage at @themiragelv with the great and powerful @ianedwardscomic! Ready to sling them jokes!,7/7/2018,1
18,Joe Rogan,joerogan,influencer,"I’ve always had Parts Unknown DVR’ed, but ever since his death I’ve been very reluctant to watch it. Tonight I went on a binge. What a great fucking show, and what an interesting guy he was.",9/3/2018,1
19,Joe Rogan,joerogan,influencer,Good morning! “Strange Times” is here on @netflix @netflixisajoke and I hope you enjoy it.,10/2/2018,1
20,Joe Rogan,joerogan,influencer,"The belt is here! #soberoctober
Thank you to @proambelts for the dope championship strap!",11/5/2018,1
1,Colleen Ballinger,colleen,influencer,TOMORROW! Comedians in Cars getting coffee with Jerry Seinfeld comes out! I've never been more excited in my life! Make sure to check it out!,11/26/2014,0
2,Colleen Ballinger,colleen,influencer,Being an aunt is my favorite. Played with this adorable little dude all night. 😍👶,12/17/2014,0
3,Colleen Ballinger,colleen,influencer,About dat life. 💁💖👄💃😊 #NoFilter #Blessed #selfie #SorryNotSorry #HumbleLiving #GetOnMyLevel #WomanPower #PerfectSelfie4Dayz,1/22/2015,0
4,Colleen Ballinger,colleen,influencer,The most amazing dessert I've ever put in my mouth. Thank you @annapolyviou for being a genius and creating the most perfect sweets in the world. 💗,3/23/2015,0
5,Colleen Ballinger,colleen,influencer,"I'm so excited to announce that the incredible @wendybellissimo is designing my wedding dress! Everyone go follow her! I'm stalking people all day that follow her and comment on her photos! She is my fairy godmother and I'm so lucky to have such a beautiful, perfect, loving woman to look up to while I get ready for my wedding. You are all going to DIE when you see my wedding dress!!!! Wendy is incredible!!",5/2/2015,0
6,Colleen Ballinger,colleen,influencer,I GOT MY BOOK! I've never been so proud of anything in my life! I'm so excited! Go pre-order it today! MirandaSings.com to get the book!,6/20/2015,0
7,Colleen Ballinger,colleen,influencer,Missing my sweet @teenyz while I'm on tour. She's my sista from another Mista. Can't want to come home and cuddle you! 💜,8/17/2015,0
8,Colleen Ballinger,colleen,influencer,Headed to the Youtube space to watch a bunch of people win streamys and IM EXCITED OK? 💋 makeup by @excelle_s.a.girl,9/14/2015,0
9,Colleen Ballinger,colleen,influencer,I was hacked the other night by Jenna and Julian and I just found the photos. 😂 @jennamarbles @juliensolomita,9/26/2015,0
10,Colleen Ballinger,colleen,influencer,This is my new religion goodbye,10/30/2015,0
11,Colleen Ballinger,colleen,influencer,Stranger things season 2 came out today! Binge it and then binge Haters Back Off season 2! 😏,10/27/2017,1
12,Colleen Ballinger,colleen,influencer,Having so much fun with all my favorite people in Hawaii! So excited for the show today in Honolulu! Then it’s off to Maui for another show! Who’s coming? P.S. Make sure to follow all my cute friends! 💜,12/3/2017,1
13,Colleen Ballinger,colleen,influencer,"We might be the only family in the world that doesn’t get drunk during the holidays, but bish we love our sparkling apple cider and when that sugar rush kicks in, WATCH OUT!",12/25/2017,1
14,Colleen Ballinger,colleen,influencer,The last two days have been so much fun. Performing in Tampa and Atlanta was a blast! Hugging you all and hearing your stories makes me feel so happy and inspired. And getting to share the experience with @frankiejgrande and @thekorsoto was just amazing. Love them. Love you. I’m a happy lil’ bean.,1/28/2018,1
15,Colleen Ballinger,colleen,influencer,Paparazzi caught me in my natural habitat... Obsessing over a baby. (Paparazzi: @photographyballer),4/7/2018,1
16,Colleen Ballinger,colleen,influencer,My pregnancy app is telling me that my lil’ kid is the size of a beet. But that don’t seem very accurate bish cuz all these beets are different sizes!,7/3/2018,1
17,Colleen Ballinger,colleen,influencer,NEW VIDEO! Erik and I heard our baby’s heartbeat! It was a ridiculous experience that ended up being so magical. Link in my bio! 🤰🏻❤️,7/26/2018,1
18,Colleen Ballinger,colleen,influencer,Hung out with this queen today and waddled around some weird stores. Go follow @harveyguillen and tell him he’s sexy,9/18/2018,1
19,Colleen Ballinger,colleen,influencer,"It was an honor attending the @childrensla gala this evening! It didn’t take long for my baby boy to make me come home, but I was so happy I got to go support for at least a couple of hours. I’ll always be in awe of this incredible hospital and everything they do to save children’s lives. 🦋",10/20/2018,1
20,Colleen Ballinger,colleen,influencer,Happy Birthday to this sweet angel! You’re my favorite niece ever! 😉 love you my little Bailey bean!,11/6/2018,1
1,Selena Gomez,selenagomez,influencer,This is me hearing my single Heart on the radio for the first time. I tried to catch it properly but.. Yea. #aghkhbghh 💜,11/9/2014,0
2,Selena Gomez,selenagomez,influencer,"Honestly the absolute best way to end my year. @alexanderdeleon -the best ever, gentleman/bodyguard. Hope you all have a blessed new year! #hoteljumeirah",12/31/2014,0
3,Selena Gomez,selenagomez,influencer,I know I meant lives. I don't care about grammar. I'm sorry I had to share. Every life is worth it.,2/26/2015,0
4,Selena Gomez,selenagomez,influencer,My Paris family @gigihadid @riccardotisci17 @carineroitfeld @karllagerfeld 💙💙💙,3/11/2015,0
5,Selena Gomez,selenagomez,influencer,Vera Wang!! Felt like a princess yet again. ,5/4/2015,0
6,Selena Gomez,selenagomez,influencer,"It's nice to feel like a kid again for a second @tmarie247 in your case, most of the time. -I love you for always bringing out my inner child.",5/30/2015,0
7,Selena Gomez,selenagomez,influencer,Your girl is almost 23!! #gettinexcited #8days #whyamihuggingtheseatbelt #? ❤️,7/14/2015,0
8,Selena Gomez,selenagomez,influencer,Here's the first look of my new @elleusa cover!! One of my absolute favorite interviews. Elle you always do me justice. Love you!,9/15/2015,0
9,Selena Gomez,selenagomez,influencer,That was the day we sold our show to @netflix 🙈 I'll just be freaking out over here. Congratulations to the whole team! #13ReasonsWhy,10/29/2015,0
10,Selena Gomez,selenagomez,influencer,50 million 🙈🙀💜 - I love you guys. You make me smile. And I love secretly stalking some of your pages.,11/8/2015,0
11,Selena Gomez,selenagomez,influencer,Thank you beyond for your acknowledgment and honor @billboard but honestly thank you more for the event you held for women. That night was so inspiring and every woman spoke eloquently and with such force. I’ll try to continue to give my best to even remotely live up to a title. In the mean time I hope we all continue to give our best when the world wants to give us the worst. We aren’t stopping the fight,12/2/2017,1
12,Selena Gomez,selenagomez,influencer,"Protect kids, not guns! #MarchForOurLives",3/23/2018,1
13,Selena Gomez,selenagomez,influencer,"A while back I had the honor of being apart of the global citizen concert by having these amazing young men sing my song kill em with kindness in an epically, beautiful way. My heart was legit exploding to see them today!",4/19/2018,1
14,Selena Gomez,selenagomez,influencer,Season 2 of @13reasonswhy is out now!,5/18/2018,1
15,Selena Gomez,selenagomez,influencer,I’m grateful for those I surround myself with. And this woman right here happens to be one of my favorites. Love our tradition and I love you.,5/20/2018,1
16,Selena Gomez,selenagomez,influencer,Me when I finally get to tell you guys the #BackToYou Video is out tomorrow. ,6/4/2018,1
17,Selena Gomez,selenagomez,influencer,Hope everyone had a great 4th of July! Spent mine with some of my favorite people @disney ❤️,7/5/2018,1
18,Selena Gomez,selenagomez,influencer,"And lastly, my actual #1 @courtneyjbarry you are an incredible woman. The way you handle life’s most confusing moments is indescribable and graceful. You are moved by the littlest stories to the most heartbreaking ones, you will give someone your perfume if they say you smell nice, you are freaking hilarious and always stand firm in your faith, a loving sister, an amazing friend and a beautiful daughter. You are the definition of FEARFULLY and WONDERFULLY made baby! #1",8/18/2018,1
19,Selena Gomez,selenagomez,influencer,@connarfranklin is my real life Barbie. She makes all my stuff look cooler 💕sweater: @coach and rocking cute @puma,9/9/2018,1
20,Selena Gomez,selenagomez,influencer,"Mood lol (I was looking at myself in the mirror -like an idiot!) Update: taking a social media break. Again. As much as I am grateful for the voice that social media gives each of us, I am equally grateful to be able to step back and live my life present to the moment I have been given. Kindness and encouragement only for a bit! Just remember- negative comments can hurt anybody’s feelings. Obvi.",9/23/2018,1
1,Charlie Kirk,charliekirk1776,influencer,Had a great time addressing 600 students today about student loans and government involvement!,11/12/2014,0
2,Charlie Kirk,charliekirk1776,influencer,I was on Fox tonight. Too bad Ducks lost. But good for OhSt. One day I will see Oregon win a national championship. Go Ducks!,1/13/2015,0
3,Charlie Kirk,charliekirk1776,influencer,"Was on FOX live from beautiful, warm, and sunny Palm Beach.",3/2/2015,0
4,Charlie Kirk,charliekirk1776,influencer,Speaking to a room full of patriots in New Hampshire.,4/18/2015,0
5,Charlie Kirk,charliekirk1776,influencer,Chatting about how government makes everything more expensive.,5/18/2015,0
6,Charlie Kirk,charliekirk1776,influencer,Our attendees at the first ever Young Women's Leadership Summit! #BigGovSucks,6/15/2015,0
7,Charlie Kirk,charliekirk1776,influencer,Always a lively convo on Varney & Co on Fox Biz,7/31/2015,0
8,Charlie Kirk,charliekirk1776,influencer,Today our UBER video was featured on Fox Business News.,9/11/2015,0
9,Charlie Kirk,charliekirk1776,influencer,"Gun control isn't about guns, it's about control.",10/2/2015,0
10,Charlie Kirk,charliekirk1776,influencer,Enjoyed joining Neil Cavuto for post debate analysis live from Milwaukee today.,11/11/2015,0
11,Charlie Kirk,charliekirk1776,influencer,We were pretty excited about the biggest tax cut in a generation being passed,12/2/2017,1
12,Charlie Kirk,charliekirk1776,influencer,"Today I was amazed, honored, and surprised when I heard I was selected for Forbes 30 under 30 list. I used to read that list in high school, and it's incredible to now be on it. #30Under30 ",11/14/2017,1
13,Charlie Kirk,charliekirk1776,influencer,"This clip seems to be getting a lot of traction today! Too often leftists on campus are trying to discredit and silence opposing views based on the messenger, not the substance of the message.
Truth transcends color!",2/7/2018,1
14,Charlie Kirk,charliekirk1776,influencer,"Not all heroes wear capes.
Two months ago Kyle was just a normal high school student minding his own business.
Then tragedy struck his high school and everything changed.
He never wanted to be in the spotlight. He resisted TV interviews and attention after the horrible shooting at Parkland.
But then he realized that the tragedy at his school was being hijacked by radical voices that wish to take our rights away.
Kyle has rebalanced the national conversation on guns and has effectively articulated a reasonable point of view on school safety. Despite not being allowed to speak at the March or be allowed on CNN he continues to do everything he can to push back against the gun control zealots.
The wrath and anger he has endured because of his stances is beyond comprehension.

This goes to show the impact one person can have on a single issue. While all his classmates parade on cable tv advocating for gun control Kyle is the calm voice challenging the media consensus.
If that is not heroic I don’t know what is.
Oh, and he should totally debate David Hogg. And he would win.
Keep it up Kyle. Honored to know you brother. We have your back",3/27/2018,1
15,Charlie Kirk,charliekirk1776,influencer,"WE NEED TO BUILD THE WALL!
This is a defining issue for our culture and our country. Illegal immigration is undercutting the fundamental basis of America
Here are some FACTS about illegal immigration:
98% of all heroin and fentanyl comes across the southern border
12,400 kids are Sex trafficked across the border every year
Tens of thousands of guns are brought across the border each month
Illegal immigration costs taxpayers over 115 BILLION dollars a year in government services
Illegals are twice as likely to commit crimes than a natural born citizen
A nation is defined by its borders. The inability for us to be able to secure our own country will be a downfall or the greatest country ever to exist
ISIS is actively trying to cross the southern border with dirty bombs
A very smart person told me:
1) We must fulfill this as a core campaign promise

2) The physical Wall will improve the condition of our country and state of our financial condition. The drugs, crime, and burden upon America is incomprehensible
3) It will be a SYMBOL that we don’t just let anyone in. Getting into America is a gift, not a right.
Time to get tough. This is our last and only chance to secure our country
",4/2/2018,1
16,Charlie Kirk,charliekirk1776,influencer,"It takes courage to make a difference. @kylekashuv is a freaking American hero who stood up to the media, the left, and all of those who wish us harm. I AM PUMPED to announce he is now the high school director for us at @turningpointusa !! With his leadership, vision, intellect, and drive we will bring our high school movement to hundreds of more schools. Love you Kyle, it’s been such an honor working with you and can’t wait to change the world alongside you! Today I had the chance to introduce him at the @nationalrifleassociation meeting and then give some remarks. There is no first without the second. Once you give up your freedoms don’t expect to get them back! We stand, we fight, we win.",5/4/2018,1
17,Charlie Kirk,charliekirk1776,influencer,"Dr. Ben Carson is an American Hero and a beautiful story of a VICTOR! He is fighting the deep state and swamp everyday. Was special to see him and @realcandaceowens connect on a deeply personal level. Two amazing black leaders sharing wisdom, advice, and plans for the future!",5/22/2018,1
18,Charlie Kirk,charliekirk1776,influencer,"6 years ago today I gave my first speech debuting “Turning Point USA”

I was just an 18 year old kid from Chicago. No money, no experience, no connections, and no freaking idea what I was doing or getting into.
I have learned a lot in 6 years. Been through a lot. Hasn’t all been fun and joy, been a lot of pain and regret. Experience however is the best teacher. When you are going through hell, keep going.
I want to thank the following people:
Our students - this is why I fight. Nothing excites me more than seeing our chapters grow and our students get fired up for freedom. You are all modern day heroes. It is a great blessing to be fighting alongside you. Amazing to think we are on over 1,300 campuses now.
Our staff — I say it everyday, we have the best staff anywhere, anytime, any place! The amount of results TPUSA delivers is absolutely incredible. Our events, our digital initiatives, trainings, material, chapter creation, leadership development, you all work so hard and I am deeply honored to have you guys on our team. This summer we will have over 125 people on staff.
Our donors - without our investors none of this is possible. You literally put your money where your mouth is, and quite generously. I’ll never forget the first $10,000 Foster Friess gave me, and now we are on pace to raise over $15 million this year with over 35,000 people contributing. What a blessing from god. Our donors withstand amazing attacks for investing in conservative college activism. We love you guys and are so so thankful for all you make possible.
The original core - I won’t name names, but you know who you are. I am talking about the handful of people that were there when it was just crazy Charlie Kirk and his pipe-dream vision to “change the world” - you invested, believed, and worked. You did it when it was hard, and I will never forget you
THIS IS JUST THE BEGINNING! Turning point USA will be around for generations to come, and the fight for freedom is only getting started
I’m the luckiest high school grad ever, and without all the above belief, support, and luck I would just be another overly opinionated young conservatives ranting on Twitter. God bless",6/5/2018,1
19,Charlie Kirk,charliekirk1776,influencer,Met some anti @realDonaldTrump protestors today. They insisted he was a racist yet couldn’t name ONE RACIST THING HE HAS DONE! Like robots they try to dismiss the lowest ever black and Hispanic unemployment rate & amazing results—the “resistance” is weak!,9/13/2018,1
20,Charlie Kirk,charliekirk1776,influencer,"While losing the house is a setback, the average President loses 37 seats in his first midterm

Obama lost 63, Clinton lost 53, Trump lost 26

Advancing in the Senate by 5 seats is historic, and shows the movement is stronger than ever!

RE-ELECTION STARTS NOW!

President Trump needs our continued and sustained support! The fight for America has just begun. #maga",11/7/2018,1
1,Kim Kardashian,kimkardashian,influencer,Me & my bae out today 😍 Wearing my favorite bag painted by my little North 🎨,11/10/2014,0
2,Kim Kardashian,kimkardashian,influencer,"Best 24 hr ski trip with 8 couples! All my best friends from childhood, nope they won't let me tag them or name them. I respect their privacy by just posting a pic lol",1/19/2015,0
3,Kim Kardashian,kimkardashian,influencer,Locked inside a bedroom at motel 6 blasting Madonna Erotica on repeat and rolling around in a custom Prada bodysuit at 2am @stevenkleinstudio @TheLoveMagazine,2/6/2015,0
4,Kim Kardashian,kimkardashian,influencer,"So I went platinum!! I have the best team! Thank you to @joycebonelli for being my inspiration and introducing me to @GregoryRussellHair who cut my hair & put this team together! Thank you
@LorriGoddard_ who dyed my hair & got this color in one try! Not an easy task!",3/5/2015,0
5,Kim Kardashian,kimkardashian,influencer,Khloe & I brought along our cousins Kourtni & Kara Kardashian. We miss you Krista! Yes we have 3 cousins who are sisters that all start with a K too! LOL,4/10/2015,0
6,Kim Kardashian,kimkardashian,influencer,"So I get to a restaurant in São Paulo & my husband had a string quartet waiting playing Sam Smith!!!!! Every single waiter who brought food said ""This is from Mr. West for the best mother in the world""! Seriously I have the best husband ever!!!!",5/10/2015,0
7,Kim Kardashian,kimkardashian,influencer,Happy Birthday to my best friend in the entire world! You are the most amazing husband & dad! You inspire me every single day! You make all of your dreams reality & it's fascinating to be by your side & watching it all happen! You have a heart of gold! Have the best birthday ever! #SWISH,6/8/2015,0
8,Kim Kardashian,kimkardashian,influencer,How good does @khloekardashian look in her @complex shoot!!! DAMN!!! ❤️😍💋👅💦💣💯✔️🏆 I'm obsessed with this shoot! Hard work pays off! Khloe was always so hesitant about doing a sexy shoot just out of fear but she conquered her fears & went for it!!! I'm so proud of her!!! #MotivationalEveryday,7/27/2015,0
9,Kim Kardashian,kimkardashian,influencer,Baby Balmain!!! Thank you so much @olivier_rousteing & @balmainparis for making North these one of a kind jackets!!! I'm so honored that Northie is your little muse! Can't wait for her to wear them!!!,8/5/2015,0
10,Kim Kardashian,kimkardashian,influencer,Halloween is soon! What are you going to be? There's a new update and you will see what I'm going to be this year! #KimKardashianHollywood,10/13/2015,0
11,Kim Kardashian,kimkardashian,influencer,"Crystal Gardenia, Crystal Gardenia Citrus and Crystal Gardenia Oud available worldwide 11/15 kkwfragrance.com @kkwfragrance 📸 @mertalas @macpiggott #MertAndMarcus",11/3/2017,1
12,Kim Kardashian,kimkardashian,influencer,Happy Birthday to my best friend @krisjenner Couldn’t have asked for a better mom! Literally don’t know how you do it and manage us all and be the best grandma and have the best outlook on life! I’m so grateful for you!!! Love you so much!,11/5/2017,1
13,Kim Kardashian,kimkardashian,influencer,One of my “highlights” (pun intended) of 2017 was starting @kkwbeauty So proud of its success & all of the hard work our team puts in! Cheers to an even better year in 2018,12/31/2017,1
14,Kim Kardashian,kimkardashian,influencer,"My precious baby boy is so strong! After spending three nights in the hospital & seeing my baby get multiple IV’s and hooked up to oxygen machines, our end of year was challenging. Pneumonia is so scary. I just want to thank every nurse & doctor out there who works so hard around the clock. We are so grateful for you all! He’s home and all better. He’s so resilient I’m sure he will still say the ambulance ride was cool! My strong Saint 👼🏽
",1/2/2018,1
15,Kim Kardashian,kimkardashian,influencer,FBF to that time in NY when I didn’t think my pants would photograph that see thru #NYFW,2/9/2018,1
16,Kim Kardashian,kimkardashian,influencer,What an amazing day yesterday to take my daughter to Washington DC to see our future leaders speak. Having my daughter march along-side her grandfather and parents was a day I hope she remembers forever. I know that the younger generation will vote to change these gun laws that so desperately need to be changed. Hearing these stories yesterday and meeting so many families affected by gun violence was heart breaking and I hope when it comes time to vote we all step up and vote to protect our children.,3/25/2018,1
17,Kim Kardashian,kimkardashian,influencer,I don’t think you really understand how hard it is to take a good family pic. This was all we got before all three kids started crying. I think I cried too,4/4/2018,1
18,Kim Kardashian,kimkardashian,influencer,I swear North reminds me of a mix or me and Kourt,5/6/2018,1
19,Kim Kardashian,kimkardashian,influencer,So incredibly honored to have won the 1st ever influencer @cfda influencer award. Thank you to Rick Owens for dressing me 😍 I just love this pic of Kourtney and I with @andreltalley He has always been so kind and generous to me and my family! I love his new film The Gospel According To André! It’s a must see!,6/11/2018,1
20,Kim Kardashian,kimkardashian,influencer,The neon wig last night made me realize I really love my dark hair. So posting it three times! 💋,8/17/2018,1
1,Beyonce,beyonce,influencer,I have so much respect and appreciation for all of our Vets. Thank you for your bravery!,11/11/2014,0
2,Beyonce,beyonce,influencer,Peace Cambodia 😊,1/5/2015,0
3,Beyonce,beyonce,influencer,Last night my sis had a Stone Cold Groove!👯🍸🎈😂💋😜🎂Happy Birthday Kelly! Ma kee ta ta,2/12/2015,0
4,Beyonce,beyonce,influencer,"Lei'd in Hawaii😜
",4/16/2015,0
5,Beyonce,beyonce,influencer,"People are hurting.
Join us in supporting the NAACP to help in the cleanup efforts and to provide housing, food and supplies to those affected by the unrest in Baltimore. http://beyonce.lk/naac",4/30/2015,0
6,Beyonce,beyonce,influencer,Haiti. Humanitarian mission with the UN.,5/17/2015,0
7,Beyonce,beyonce,influencer,Congrats Marco on making the New York Times best seller list and #The22DayRevolution being the number one diet book in the country,6/20/2015,0
8,Beyonce,beyonce,influencer,The real cover girl 💙💙 My delicious Blue Blue at 11 months.,8/14/2015,0
9,Beyonce,beyonce,influencer,Thank you from the bottom of my heart for all my birthday wishes. 🎂🎈💙🐝,9/4/2015,0
10,Beyonce,beyonce,influencer,"In school, I learned to be myself and how to be a leader. #62MillionGirls don't have that chance.",10/1/2015,0
11,Beyonce,beyonce,influencer,44 days until Coachella!! Vegan Time!! Click the link in my bio to join me! 💪🏽✨,3/2/2018,1
12,Beyonce,beyonce,influencer,Thank you Glasgow for being an amazing audience!,6/10/2018,1
13,Beyonce,beyonce,influencer,FIFA World Cup with one of the best audiences so far! 🇫🇷🎉,7/15/2018,1
14,Beyonce,beyonce,influencer,"At 36,
I became a new mother of 3.
I breastfed twins.
I renewed my vows with my husband of ten years.
I came back home to the stage to do Coachella, after pregnancy.
Then my husband and I released our album together, Everything Is Love.
And we’ve been touring with our family around the world, and loving it.
This year has been monumental for me.
I thank God for everyone in my life.
Thank you for all the positivity and for the beautiful birthday wishes.
I’m looking forward to continuing to learn from my past, living in the present, and surrendering to the future.
I love you, Hive.
B",9/6/2018,1
15,Beyonce,beyonce,influencer,Thank you to my hometown for being the loudest crowd so far. 7 more shows. Phoenix let’s go!,9/19/2018,1
16,Beyonce,beyonce,influencer,Last night we felt so much love from our LA family. 5 more shows to go. Let’s do it again!,9/23/2018,1
17,Beyonce,beyonce,influencer,"Thank you to all the brilliant scholarship winners. Continue to dream, work hard, and grind until you own your dream. You make us proud. 🐝🙌🏾",10/9/2018,1
18,Beyonce,beyonce,influencer,"Sending love and adoration to one of our talented legends. Thank you for the countless bops. Your tone, your beauty, your range, and your God-given talent is treasured. Loving you always. Have a Happy Halloween my Kings and Queens.",10/29/2018,1
19,Beyonce,beyonce,influencer,"I’m feeling grateful for everyone before me who fought so hard to give us all the right to have a voice. We can’t voice our frustrations and complain about what’s wrong without voting and exercising our power to make it right. We need you. We all need each other, because when we are truly united we are unstoppable. Sending you all love and positivity on this happy voting day!
Every vote counts
Every race matters
Everywhere.",11/5/2018,1
20,Beyonce,beyonce,influencer,Heaven couldn’t wait for you. 🙏🏾,11/24/2018,1
1,Antonio Sabáto Jr ,antoniosabatojr,influencer,#snow #fun #God #is #awesome @fixitandfinish taking the Subaru ....,11/14/2014,0
2,Antonio Sabáto Jr ,antoniosabatojr,influencer,"Always keep your eye on positive living ...
Love ya guys ....",12/18/2014,0
3,Antonio Sabáto Jr ,antoniosabatojr,influencer,"#oscar2015 #OscarRedCarpet @TheAcademy few years ago with mamma 👍🙏🙏
To all the nominees
Have a great amazing night ,
You are all winners in my book !",2/22/2015,0
4,Antonio Sabáto Jr ,antoniosabatojr,influencer,"Thank you @rachaelrayshow your awesome ....
The episode will air this month on the 30th ... So much fun !!!!!👍🙏👌✌️❤️ @fixitandfinish",3/10/2015,0
5,Antonio Sabáto Jr ,antoniosabatojr,influencer,Let's drive ..#blessed 👍🙏✌️,3/13/2015,0
6,Antonio Sabáto Jr ,antoniosabatojr,influencer,"Found this cover ... Cute doggie ...
Goodnight everyone ... May all your dreams come true ... 🙏🌺👌👍",5/26/2015,0
7,Antonio Sabáto Jr ,antoniosabatojr,influencer,"Went on a beautiful ride with my good friend Dave and partner with @sablinracing
#ducati1199s modify
#kawasakizx14R
#love #riding @daineseofficial @motogp @ducatimotor",6/14/2015,0
8,Antonio Sabáto Jr ,antoniosabatojr,influencer,Good Morning ☀️,8/17/2015,0
9,Antonio Sabáto Jr ,antoniosabatojr,influencer,"Tks @krisjenner @kyliejenner for having us over , you made my little @minasabato soo happy !!",9/20/2015,0
10,Antonio Sabáto Jr ,antoniosabatojr,influencer,Love ya peeps #☀️,10/5/2015,0
11,Antonio Sabáto Jr ,antoniosabatojr,influencer,"Great man with a heart of gold and all his dedication is given to us, the American people #MAGA @realdonaldtrump 🇺🇸 !",2/12/2018,1
12,Antonio Sabáto Jr ,antoniosabatojr,influencer,"One Nation Under God 🇺🇸 #MAGA
@isaakpresley @patriciadeleonb @lisajarnold @caspervandien @ksorbo",2/26/2018,1
13,Antonio Sabáto Jr ,antoniosabatojr,influencer,We wish you a fantastic blessed day ❤️🇺🇸💯🙏.,7/17/2018,1
14,Antonio Sabáto Jr ,antoniosabatojr,influencer,"😁❤️ Special moments, blessed 🙏.",7/19/2018,1
15,Antonio Sabáto Jr ,antoniosabatojr,influencer,"We wish you a great day & weekend. 🙏☝️❤️ God is amazing, he gave me you ❤️ @katiafernandezpa",7/26/2018,1
16,Antonio Sabáto Jr ,antoniosabatojr,influencer,"@kafe_miamire
🇺🇸 Have a Blessed Day everyone 🙏",8/28/2018,1
17,Antonio Sabáto Jr ,antoniosabatojr,influencer,The strength you give me within is infinite ❤️ @kafe_miamire,10/11/2018,1
18,Antonio Sabáto Jr ,antoniosabatojr,influencer,"Merry Christmas
Feliz Navidad
Buon Natale 🎄🎁
Being here with my ❤️ makes it even so much more A-Mazing! 😘
Love you baby, you are my everything 💕@katiafernandezpa",11/27/2018,1
19,Antonio Sabáto Jr ,antoniosabatojr,influencer,We ❤️🎄you,11/27/2018,1
20,Antonio Sabáto Jr ,antoniosabatojr,influencer,"What an amazing experience, thank you Mr. @POTUS @realDonaldTrump & the beautiful stunning @FLOTUS. 🇺🇸 The National Tree Lighting Ceremony, @NatlParkService @WhiteHouse",11/29/2018,1
1,Casey Neistat,caseyneistat,influencer,in Belgium for the day speaking at the KIKK Festival.,11/6/2014,0
2,Casey Neistat,caseyneistat,influencer,she was right.. we shoulda got the minivan.,12/12/2014,0
3,Casey Neistat,caseyneistat,influencer,my face is in The New York Times exactly 5 times today.,1/15/2015,0
4,Casey Neistat,caseyneistat,influencer,run because you can not because you have to,2/17/2015,0
5,Casey Neistat,caseyneistat,influencer,smile inducing approach to NYC from the southbound Amtrak Train.,3/21/2015,0
6,Casey Neistat,caseyneistat,influencer,Frannie thinks you're funny,4/13/2015,0
7,Casey Neistat,caseyneistat,influencer,"took a @nyonair helicopter out this afternoon. super nice day, we took the doors off",5/8/2015,0
8,Casey Neistat,caseyneistat,influencer,"""movie recording has stopped automatically"" - worst bug ever, the camera had to be destroyed",6/10/2015,0
9,Casey Neistat,caseyneistat,influencer,so long Istanbul !!! it's been real (i stuck my arm out of a tiny window on a helicopter to take this picture),10/25/2015,0
10,Casey Neistat,caseyneistat,influencer,traveling for a few days. always get super freaked out when I leave New York City. took this pic on my phone out of a plane window,11/4/2015,0
11,Casey Neistat,caseyneistat,influencer,chilly commute this morning compliments of @flynyon <— (amazing feed),11/28/2017,1
12,Casey Neistat,caseyneistat,influencer,today is our 4th anniversary! spending the day at the beach with the fam. candice’s mom congratulated me by saying ‘never thought you two would make it this long’,12/29/2017,1
13,Casey Neistat,caseyneistat,influencer,important discovery on my run this morning; SPRING IS COMING,2/28/2018,1
14,Casey Neistat,caseyneistat,influencer,slushy wet 🏃,3/7/2018,1
15,Casey Neistat,caseyneistat,influencer,a muse is defined as a person or personified force who is the source of inspiration for a creative artist. she is my personified force ❤️,4/10/2018,1
16,Casey Neistat,caseyneistat,influencer,one of these women is my pregnant wife. one is a model for @billy (hint; i’m pointing at my wife 😉),6/18/2018,1
17,Casey Neistat,caseyneistat,influencer,"the Neistat siblings (3 of 4 of us) recreating one of our greatest hits. tonight we are at our granny’s funeral, remembering special times from the past.",7/28/2018,1
18,Casey Neistat,caseyneistat,influencer,almost there,8/5/2018,1
19,Casey Neistat,caseyneistat,influencer,"so @archdigest did a little photo shoot of our apartment. hard to explain what living in a place like this means to me.. the last picture in this post is of where I lived just before moving to new york city, when my son was 2 years old and i washed dishes to support my family 🙏",9/18/2018,1
20,Casey Neistat,caseyneistat,influencer,"SWIPE 👉
we had a baby girl! Georgie Neistat!!!! both Georgie and Candice are doing great. ❤️❤️❤️",10/14/2018,1
1,Cristiano Ronaldo,cristiano,influencer,Today I received MARCA’s Di Stéfano award and Pichichi award. It’s always a pleasure to be recognized with these trophies and I’ll keep working hard to win more.,11/10/2014,0
2,Cristiano Ronaldo,cristiano,influencer,"I had the pleasure and privilege to get to know Nelson Mandela in 2010. Madiba will always remain in my heart and his legacy is an inspiration for all. The Global Watch anti-racism-summit in Johannesburg, is a Nelson Mandela legacy initative for a non-racial, peaceful and prosperous world. The football community has to say it out loud: racism has no place in our game, in sports or in life.",12/5/2014,0
3,Cristiano Ronaldo,cristiano,influencer,Playing with my kid. CR Junior 2 - CR 1!!,2/23/2015,0
4,Cristiano Ronaldo,cristiano,influencer,"Commitment, dedication, hard work and drive to succeed are some of the values that I share with @SacoorBrothersME",3/13/2015,0
5,Cristiano Ronaldo,cristiano,influencer,"For me, optimal training and recovery is in the details. Good nutrition is at the core of my success. I’m excited to be working with @Herbalife24 sports nutrition. Big things to come! #CR7Drive",5/16/2015,0
6,Cristiano Ronaldo,cristiano,influencer,The moments with my son are always amazing. You can see some special moments with him in the new film.,6/21/2015,0
7,Cristiano Ronaldo,cristiano,influencer,"Watching the game with my brothers and my ""sun"" ☀️⚽️👌😍❤️",8/5/2015,0
8,Cristiano Ronaldo,cristiano,influencer,What do you think of Cristiano Ronaldo Legacy?,9/9/2015,0
9,Cristiano Ronaldo,cristiano,influencer,Mission accomplished! Great team work leads to great victories. #euro2016 here we go. #forçaportugal,10/8/2015,0
10,Cristiano Ronaldo,cristiano,influencer,What a great night! It's wonderful to share this moment with so great people. Ronaldo film turned out amazing. Did you guys like it? #ronaldofilm,11/9/2015,0
11,Cristiano Ronaldo,cristiano,influencer,"Music is part of my life. It's part of me. @rocbyronaldo is my brand, delivering my love of music to my fans, and I want you to be the first to try out my new headphones. Go to roclivelifeloud.com and check them out now.",11/22/2017,1
12,Cristiano Ronaldo,cristiano,influencer,"Another dream come true. Unbelievable feeling. Thanks to my family, friends, teammates, coaches and everyone that stood by my side throughout the years.👌🏽🔝",12/7/2017,1
13,Cristiano Ronaldo,cristiano,influencer,One 🌍 where we all ❤ our children. Please help. #Rohingya #Refugee @SavetheChildren www.savethechildren.org/Cristiano,2/15/2018,1
14,Cristiano Ronaldo,cristiano,influencer,Congratulations @egyptiansteel for the opening in “Al Ain Al Sokhna”using the newest eco-friendly technology in the world. @ahmedabohashima #A_New_Generation_Of_Steel,4/14/2018,1
15,Cristiano Ronaldo,cristiano,influencer,I’m bringing together some of the coolest heroes on the planet for my very own Super-Team. Stay tuned for @StrikerForceseven! The game is on! @graphicindia & VMS Communications,6/6/2018,1
16,Cristiano Ronaldo,cristiano,influencer,Holidays with Love!😍,7/26/2018,1
17,Cristiano Ronaldo,cristiano,influencer,"New challenge, new wheels.
Switching it up a gear for the new season with the new Raised on Concrete Mercurial Superfly 360.
#NikeFootball #Mercurial #BornMercurial",8/17/2018,1
18,Cristiano Ronaldo,cristiano,influencer,"A legacy built on dreams 👍⚽ My new Chapter 7 ‘Built On Dreams’ #Mercurial is out now at Nike.Com/CR7
—
#Nikefootball #BornMercurial",9/24/2018,1
19,Cristiano Ronaldo,cristiano,influencer,Thanks for the warm welcome. Always feel at home here.,10/22/2018,1
20,Cristiano Ronaldo,cristiano,influencer,"❗️ Hey! ❗️ Head over to my CR fragrances range this Black Friday, there will be a surprise waiting!
#CRFragrances #Fragrance #CR7 #BlackFriday",11/22/2018,1
1,Pew Die Pie,pewdiepie,influencer,Did sum1 said foods?!,11/2/2014,0
2,Pew Die Pie,pewdiepie,influencer,Woke up to a white Christmas in Sweden! :o,12/25/2014,0
3,Pew Die Pie,pewdiepie,influencer,My hair is blue........... Merztzia talked me into this!!,2/22/2015,0
4,Pew Die Pie,pewdiepie,influencer,I met Benedict Cumberbatch!!!!!,3/26/2015,0
5,Pew Die Pie,pewdiepie,influencer,"I didn't choose the Youtube life, the YouTube life chose me.",4/8/2015,0
6,Pew Die Pie,pewdiepie,influencer,Onsie in public..,6/22/2015,0
7,Pew Die Pie,pewdiepie,influencer,One lucky person who buys the signed edition of #thisbooklovesyou will receive this amazing illustration instead of my signature.,8/1/2015,0
8,Pew Die Pie,pewdiepie,influencer,Caught marzia snooping up on the latest gossips,9/7/2015,0
9,Pew Die Pie,pewdiepie,influencer,"4 days to go! #ThisBookLovesYou
Pre-order link is in my bio",10/16/2015,0
10,Pew Die Pie,pewdiepie,influencer,Bros4lief,11/29/2015,0
11,Pew Die Pie,pewdiepie,influencer,"Shaved? - Shop my watch today for Black Friday deals on @tayroc site or use ""PEWDIEPIE"" for 10% off after Friday!",11/24/2017,1
12,Pew Die Pie,pewdiepie,influencer,"Haters, fight me irl",12/3/2017,1
13,Pew Die Pie,pewdiepie,influencer,Japan has been it's usual amazing-crazy way so far! Thanks @sanrio I got to meet @aggretsuko!,2/9/2018,1
14,Pew Die Pie,pewdiepie,influencer,My hair inspo,3/6/2018,1
15,Pew Die Pie,pewdiepie,influencer,"Proud to announce I'm the main character of the new #WatchDogs3!
I play a Swedish hacker in Japan seeking revenge for xtreme slow Internet",4/7/2018,1
16,Pew Die Pie,pewdiepie,influencer,"Check out #HonorPhotoCup contest on Honor's US Facebook account from June 22 - June 29, and have the chance to win a brand-new Honor View10 or Honor 7x
#ad",6/27/2018,1
17,Pew Die Pie,pewdiepie,influencer,"new merch, Walmart quality 👅
Fast food æｓｔｈｅｔｉｃ😤 link bio",7/31/2018,1
18,Pew Die Pie,pewdiepie,influencer,Any memes hiding down here?,10/17/2018,1
19,Pew Die Pie,pewdiepie,influencer,Thanks for all the birthday wishes and the peeps who came to celebrate 🤠🙏🎈,10/24/2018,1
20,Pew Die Pie,pewdiepie,influencer,New @tsuki_market dropping next week,11/18/2018,1
1,Brittany Packnett Cunningham,mspackyetti,influencer,"""We sit in the shade of trees we did not plant. We drink from wells we did not dig."" My people died for this. This is the very least I can do to honor them. ✊",11/4/2014,0
2,Brittany Packnett Cunningham,mspackyetti,influencer,"""That's why Rosa sat on the bus // That's why we walked through Ferguson with our hands up."" Thank you for lifting our struggle. -@common + @johnlegend

Don't be on the wrong side of history. Let's get to Glory.",12/10/2014,0
3,Brittany Packnett Cunningham,mspackyetti,influencer,"Hearing and chatting with Ta-Nehisi Coates last night was timely, necessary, and filling. ""'Black Life is cheap.' No. Black life is more precious than we ever care to know.
They made us into a race.

We made ourselves into a people.""",2/19/2015,0
4,Brittany Packnett Cunningham,mspackyetti,influencer,"Annotating @washingtonpost texts on the Sudanese Conflict in Ms. Seldon's 7th grade class! Awakening literary knowledge and social consciousness at the same time! ""You always rise to the occasion, even when the texts are challenging."" -Ms. S

Good visits to Gateway HS, Vashon and Lyon @ Blow today...",4/2/2015,0
5,Brittany Packnett Cunningham,mspackyetti,influencer,"because my twin passed down my stay fresh early in life.

happy mama's day to the style guru. 💁🏾💁🏾",5/10/2015,0
6,Brittany Packnett Cunningham,mspackyetti,influencer,"""I am leading."" Congrats to @tfastl 2015 corps members on your first week of teaching.

One week down. A lifetime of awesome and important work for kids to go.
#SESTL2",6/5/2015,0
7,Brittany Packnett Cunningham,mspackyetti,influencer,"good times w brother perry, too. gotta love it when black educators get together. thankful for his support of the movement!

#Repost @drandreperry with @repostapp.
・・・
One of my heroes Brittany Packnett is getting it done. #BlackLivesMatter",7/11/2015,0
8,Brittany Packnett Cunningham,mspackyetti,influencer,"""It's ok if the next Steve jobs isn't a white guy."" - Artist @jpnt17
#IStandWIthAhmed. ✊🏾✊🏽✊🏿",9/17/2015,0
9,Brittany Packnett Cunningham,mspackyetti,influencer,"I met young women all the way in New Zealand this week who are brilliant, bold and beautiful. 4 scientists and an architect among them, they are ready to change the world. ✊🏾✌🏾️",10/18/2015,0
10,Brittany Packnett Cunningham,mspackyetti,influencer,reunions. home for the holidays. home for the kickback. home for makeup/free fridays and friends. home for the love of the crew.,11/28/2015,0
11,Brittany Packnett Cunningham,mspackyetti,influencer,"CALL. YOUR. SENATORS. Tell them to vote NO on ANY version of this tax plan. This is nothing more than a wealth transfer. Research prior to this tax plan predicts that by mid-century, Black and Brown wealth will be $0. This will drive us straight into the negative. Get into today’s @nytimes piece on this heinous theft they call a “tax plan.” Then, get on the phone.",11/30/2017,1
12,Brittany Packnett Cunningham,mspackyetti,influencer,repeat after me: my vote matters. my voice matters. i’ll use every tool at my disposal to fight for our freedom. || cover of today’s VA Daily Press. one single vote tied the power of the VA state house at 50-50. the VA state legislature is no longer under Republican control—for the 1st time in 17 years.,12/20/2017,1
13,Brittany Packnett Cunningham,mspackyetti,influencer,"two crowns for @oprah. ⠀⠀⠀⠀⠀⠀⠀⠀⠀
i don’t have words to express my gratitude. hopefully I’ll find some. prayerfully I’ll get to tell them to you. one day. some day.
⠀⠀⠀⠀⠀⠀⠀⠀⠀
#BlackHistoryMonth #BlackHistoryYear",2/8/2018,1
14,Brittany Packnett Cunningham,mspackyetti,influencer,"when I took this picture, i had a distinct feeling my life was going to change for the better. God proved me right.⠀⠀⠀⠀⠀⠀⠀⠀⠀
⠀⠀⠀⠀⠀⠀⠀⠀⠀
i’ve got that feeling again. and I trust in what’s next. ⠀⠀⠀⠀⠀⠀⠀⠀⠀
⠀⠀⠀⠀⠀⠀⠀⠀⠀
#tbt",3/15/2018,1
15,Brittany Packnett Cunningham,mspackyetti,influencer,"a repost from my King Day timeline. reasons: obvious. ⠀⠀⠀⠀⠀⠀⠀⠀⠀
⠀⠀⠀⠀⠀⠀⠀⠀⠀
Love and Power is a lifestyle. Will you live it? #MLK50",4/4/2018,1
16,Brittany Packnett Cunningham,mspackyetti,influencer,"Melania may not care. But we do. Donate to support immigrant families at IREALLYDOCARE.COM. Created by [at]parkermolloy and [at]amandalitman on Twitter. ❤️✊🏾 And share, share, share.",6/21/2018,1
17,Brittany Packnett Cunningham,mspackyetti,influencer,"the only kind of power I want to wield comes with, through, and is informed by love. @buildlovepower",7/23/2018,1
18,Brittany Packnett Cunningham,mspackyetti,influencer,"we have the chance to elect three progressive black governors this year:
@BenJealous in Maryland
@StaceyAbrams in Georgia
@AndrewGillum in Florida
⠀⠀⠀⠀⠀⠀⠀⠀⠀
WE have the power. Let’s make it happen. GO DONATE AND VOLUNTEER FOR THEM RIGHT NOW. #BlackNovember #TheBlackWave
⠀⠀⠀⠀⠀⠀⠀⠀⠀
[Image Description: Ben Jealous, Stacey Abrams, Andrew Gillum: future Black governors]",8/28/2018,1
19,Brittany Packnett Cunningham,mspackyetti,influencer,"I’ve never not been able to afford to eat. My juice may have come from the dollar tree, and I may have been scraping the bottom of that spaghetti pot, but I’ve always made at least a decent wage. I’ve always had a safety net. Several safety nets. Even when I wasn’t comfortable, I was never in need. ⠀⠀⠀⠀⠀⠀⠀⠀⠀
⠀⠀⠀⠀⠀⠀⠀⠀⠀
Now? I can afford to lose the money I lost on last night’s meal. And whomever felt the need to take what I ordered and game the delivery system they were supposed to use to deliver it to me may very well have not been in that position. It could be they just wanted my food. It could be they needed my food. It could be that their “choice” was no choice at all because oppression is often just a series of false choices.⠀⠀⠀⠀⠀⠀⠀⠀⠀
⠀⠀⠀⠀⠀⠀⠀⠀⠀
So instead of calling to complain, I’m going to take the L and pray that this isn’t always your reality. I’m going to keep working so that however you make your money, through the gig economy or traditional means, that you can make a living wage and what you need to feed your family. I’m going to pray that if you didn’t really have a need, that you make stronger long term choices-especially with customers who can’t afford this. But i pray that if you did have the need, that you don’t for too much longer. ⠀⠀⠀⠀⠀⠀⠀⠀⠀
⠀⠀⠀⠀⠀⠀⠀⠀⠀
I’m gonna pray. And then I’m going to fight. Because my problem ain’t with you. It’s with a system that puts people in this position. ⠀⠀⠀⠀⠀⠀⠀⠀⠀
⠀⠀⠀⠀⠀⠀⠀⠀⠀
:::⠀⠀⠀⠀⠀⠀⠀⠀⠀
⠀⠀⠀⠀⠀⠀⠀⠀⠀
[image description: a tweet from me that reads: I was going to complain to the company that the driver from a delivery service stole my food last night. ⠀⠀⠀⠀⠀⠀⠀⠀⠀
⠀⠀⠀⠀⠀⠀⠀⠀⠀
But my complaint is with systemic poverty, so I hope the food was good and you gain access to what you need and find your way out of that hustle soon, whomever you are.”]",9/21/2018,1
20,Brittany Packnett Cunningham,mspackyetti,influencer,"FLORIDA: It Ain’t Over. If you had any trouble at the polls, email Voting@AndrewGillum.com. NEVER volunteer to be silenced ❤️✊🏾 #BringItHome",11/9/2018,1
1,Tomi Lahren ,tomilahren,influencer,"LIVE last night covering the 2014 Midterms for One America News Network! The map, like my lips was RED! #onpoint #oan #midterms2014 #mademyday #yeahbaby #redlips #GOP #turnout",11/5/2014,0
2,Tomi Lahren ,tomilahren,influencer,"I hear it's an On Point night! Police body cams, the U.S. Economy, CIA Torture Report, Political pandering and taking ""responsi-damn-bility."" Tonight 9pm PT on One America News! #onpoint #tomilahren #Ferguson #straighttalk #buckstopshere",12/19/2014,0
3,Tomi Lahren ,tomilahren,influencer,Having fun in the studio of 'On Point with Tomi Lahren' on One America News Network. Last day in the office until I'm CPAC 2015 bound! Bringing some Daygo sunshine to the nation's Capitol! #sandiegoislife #onpoint #DCbound #CPAC #hereicome #staytuned #oan #dreamscometrue #lookoutObama #letsdothis,2/20/2015,0
4,Tomi Lahren ,tomilahren,influencer,This SATURDAY night Mayhem Battalion Commander Colonel Mark A Smith gets 'On Point' with me. Iran IS our biggest national security threat and Yemen is just the beginning. The cuddle fest with Iran needs to end. Catch the full episode Saturday night 7pmPT/10pmET on OAN! #onpoint #Iran #Irandeal #Yemen #USMC #nuclear #USNavy #redwhiteandblue #donttreadonme #Merica #freedom #oneamerica #onathursday #natlsecurity #whythehell #oan,4/30/2015,0
5,Tomi Lahren ,tomilahren,influencer,"See you in 1 hour! President Obama is sending 450 more troops to watch Iraqis run away from ISIS. Then, make an appointment with Obamacare and the Supreme Court. Next, what family values really mean. That, some Penn State hazing, Jeb! and Queen Hill's ""reboot."" On Point at 7pmPT/10pmET #onpoint #onatuesday #oan #isis #450 #troops #kingvburwell #SCOTUS #obamacare #familyvalues #jebbush #jeb #jeb! #QueenHillary #sorryHill #pantsuits",6/16/2015,0
6,Tomi Lahren ,tomilahren,influencer,"Thank you all for the outpouring of support for my ""final thoughts"" on the Chattanooga Terrorist Attack. Those words came from my heart. From a heart that is sick and tired of the political correctness perpetuated and endorsed by this Administration and its leaders. My message is simple, honest and genuine. Mothers, fathers, brothers, sisters, husbands, wives and all Americans send our warriors overseas to protect and defend our freedom. They don't ask for much in return. They deserve more that this. They shouldn't be abandoned overseas or here at home. This is not a Republican Issue, this is not a Democratic issue, this is not a Middle Eastern issue. This is an American issue. It's time to show the universe what happens when you mess with the United States of America. Brought to you courtesy of the Red, White & Blue. Facebook has censored many of your video posts. They can pull my thoughts down a million times and we will repost them a million plus 1! They are also posted on the On Point with Tomi Lahren YouTube Channel. https://youtu.be/Y8Q0MMHwx4k I have a nightly show on One America News Network (OAN) and I will continue to say what we are all thinking. You can't stop a Patriot. I am 22-years-old and I am just getting started. To all those that have served this country, God Bless you and God Bless America. #onpoint #onpointwithtomilahren #AmericaOnPoint #Chattanooga #USMC #hooyah #redwhiteblue #GodBlessAmerica #OneAmerica",7/19/2015,0
7,Tomi Lahren ,tomilahren,influencer,"“Some radical Muslim extremist prompted this man to act, just as one had placed a bomb in the ground the day I was injured. Yes, these Marines and Sailor died, and yes, I lost my legs, but their spineless attempt at scaring my beloved countrymen into submission had failed just as their attempt to take my life had five years ago."" U.S. Marine Sgt. Major Johnny ""Joey"" Jones is 'On Point' with me tonight 10pmET. It takes a hell of a lot more than some radical Muslims and an IED explosion to stop a United States Marine! #Johnny #USMC #IED #BootCampaign #redwhiteblue #Marines #Merica #OnPointYouTube #TomiLahren #TeamTomi #GodBlessAmerica #USWarriors #DODWakeUp #radicalIslam #AbdulazeezTerrorist #NoogaStrong",8/4/2015,0
8,Tomi Lahren ,tomilahren,influencer,"njoying my last few days in beautiful San Diego before I head to #whatsnext #TeamTomi #byesandiego #newthings #missyou P.S. I'll miss the beach, CA liberals not so much. I hear #whatsnext is a pretty conservative state...",9/28/2015,0
9,Tomi Lahren ,tomilahren,influencer,Welcome to Texas. I love my job. #TeamTomi #TheBlaze #ilovetexas,10/21/2015,0
10,Tomi Lahren ,tomilahren,influencer,"God forbid we recognize this is war. 6 coordinated attacks in Paris. When our enemy has a more coherent strategy for evil than we do for good, we cannot win. When we open the flood gates to 10,000 Syrian refugees and leave our borders unprotected, we cannot win. When we make deals with state-sponsors of terrorism. We cannot win. My final thoughts ""Never Again is Now: God Bless Paris"" up now on my official FB and @theblazetv #prayersforparis #parisattacks #neveragainisnow #TeamTomi #radicalslam",11/16/2015,0
11,Tomi Lahren ,tomilahren,influencer,"If you’re gonna have a blade, have the best. Thank you to my friends at @halffaceblades for this badass blade. P.S. it’s not a gun but watch the Libs still throw a fit. #TeamTomi #halffaceblades #blade",11/27/2017,1
12,Tomi Lahren ,tomilahren,influencer,Making Christmas Great Again! God bless and take care ❤️ #TeamTomi #merrychristmas #christmastree,12/24/2017,1
13,Tomi Lahren ,tomilahren,influencer,"Here on the east coast from the best coast! Hello, New York City! #TeamTomi #NYC",2/7/2018,1
14,Tomi Lahren ,tomilahren,influencer,North Dakota bound! Looking forward to seeing some real snowflakes back in the homeland! #TeamTomi #NorthDakota #ItSnowsThere,4/3/2018,1
15,Tomi Lahren ,tomilahren,influencer,The Javier’s parking lot will never be the same. Thank you Dallas. #teamtomi #dallas #girlcrew,6/24/2018,1
16,Tomi Lahren ,tomilahren,influencer,Thanks to all my wonderful friends and fans who came out to support me last night in Riverside for my Family Freedom & Final Thoughts Tour! You mean the world to me and I thank God for you every single day! #TeamTomi #finalthoughts #riverside #staytriggered,7/22/2018,1
17,Tomi Lahren ,tomilahren,influencer,"“No matter where we go, no matter what we do if you’re there I’ve got my eyes on you.” Can’t wait to see my friend @chaserice tonight in Lancaster, CA! #TeamTomi #ChaseRice #EyesOnYou",8/20/2018,1
18,Tomi Lahren ,tomilahren,influencer,Any of you spend your Saturday buying crap you don’t need on Amazon...cuz same. #TeamTomi #selfiesaturday #shoppingproblems,9/22/2018,1
19,Tomi Lahren ,tomilahren,influencer,A heartfelt thank you to all who showed out at Politicon 2018! A special thank you to @clayaiken for being so kind and respectful. I hope you all got to see a different side of me on that stage. Xoxo -T #TeamTomi #Politicon #ClayAiken,10/22/2018,1
20,Tomi Lahren ,tomilahren,influencer,"Thank you to my friends @mtmspecialopswatch for giving me the special FoxNation tour! Guys, these watches are badass, made in LA, and tactical AF. Don’t forget to become a @foxnation founder! #TeamTomi #FoxNation #FoxNationFounder #mtmwatches",11/17/2018,1
1,Sally Kohn,sallykohn,influencer,Slide slide slippity slide...,8/7/2015,0
2,Sally Kohn,sallykohn,influencer,"Apparently, these are rare white blueberries. #nofilter",8/18/2015,0
3,Sally Kohn,sallykohn,influencer,"The view from my kayak earlier today: Willa, Firdaus, @pujadhawan & @hansen_sarah",8/19/2015,0
4,Sally Kohn,sallykohn,influencer,Riveted the audience at opening convocation at #SNHU today.,9/1/2015,0
5,Sally Kohn,sallykohn,influencer,"EVERY SINGLE WORD OF THIS #Repost via @sarahsophief ・・・
Dear Media, Stop calling this a ‘migrant crisis’. These people are refugees fleeing for their lives. This is a humanitarian crisis.

Thousands of people have died this year trying to seek safety.
THE WORLD IS EXPERIENCING THE WORST REFUGEE CRISIS SINCE WORLD WAR II.
(EUROPEAN COMMISSION)

Refugees and migrants are making this dangerous journey. And yes, there is a difference.
According to the UNHCR, refugees are people ""fleeing armed conflict and persecution."" As such, they are protected by international law. The UNHCR estimates that there were some 19 million refugees around the world at the end of 2014. Refugees are often fleeing ""situations so perilous and intolerable they cross national borders to seek safety in nearby countries,"" according to the UN. Those fleeing persecution from the government of Bashar Al-Assad in Syria are considered refugees, for example.
Migrants ""choose to move not because of a direct threat of persecution or death, but mainly to improve their lives by finding work, or in some cases for education, family reunion, or other reasons,"" according to the UN. Migrants could return home safely, if they chose to, and would receive protection from their government. (From Refinery 29 @refinery29)

A Few Organizations To Learn More And Donate To: (please add to this list)

The International Rescue Committee: http://www.rescue.org

Doctors Without Borders: http://www.doctorswithoutborders.org

World Food Program: https://www.wfp.org/crisis/syria

UNHCR: http://www.unrefugees.org

Mercy Corps: http://www.mercycorps.org #refugee #refugeecrisis #nohumanisillegal",9/3/2015,0
6,Sally Kohn,sallykohn,influencer,This is like a flash forward to what could be a flashback photo in the future. Or something like that. #SallyforSwiftSquad #taylorswift #taylurking @taylorswift @marieclairemag http://www.marieclaire.com/culture/news/a16019/become-friends-with-taylor-swift-part-1/,9/23/2015,0
7,Sally Kohn,sallykohn,influencer,Pretty conference carpet.,10/3/2015,0
8,Sally Kohn,sallykohn,influencer,"So exciting!!! #NoVoFoundation just announced it will transform shuttered #Bayview Correctional Facility in NYC into #WomensBldg for non-profits. ""Turning a place of confinement into a place of freedom and liberation.""",10/26/2015,0
9,Sally Kohn,sallykohn,influencer,Am at airport on my way to speak at #SummitAtSea this weekend. Which is on a boat. I hate boats. A lot. But am trying to imagine the whole experience will be like this. I wanna be Julie!,11/12/2015,0
10,Sally Kohn,sallykohn,influencer,About last night... This is my sister-in-law Nuala who WANTED TO DRESS LIKE ME FOR THANKSGIVING!!!!!!! Heart melted. #LikeButter,11/27/2015,0
11,Sally Kohn,sallykohn,influencer,"Come thru, fam. Pre-order THE OPPOSITE OF HATE *and* re-post this image and I’ll donate an extra $1.00 in your name today. You’ll be making the world a better place with your money and your mind. 💥 #TheOppositeOfHate",11/28/2017,1
12,Sally Kohn,sallykohn,influencer,"This is the Christmas card Willa wrote for her cello teacher, @damegodiva. All by herself. Without any prompting. Which made @hansen_sarah and I both burst into tears. Just wow.",12/18/2017,1
13,Sally Kohn,sallykohn,influencer,"My super white little girl just saw me looking at this post by @emilymaynot about @jamiaawilson’s amazing new book and said, “Oh, is that a book about amazing black people? Will you get it for me? Does it have Ruby Bridges in there?” Just a reminder, my fellow white parents, that this book is for YOUR KIDS, TOO!!!! All children need to grow up with broader — and more accurate — representations of history and leadership! #YoungGiftedAndBlack",2/4/2018,1
14,Sally Kohn,sallykohn,influencer,"Hanging with some badass women, wearing @DVF and talking #InCharge on #internationalwomensday",3/8/2018,1
15,Sally Kohn,sallykohn,influencer,Another great moment from #TheOppositeOfHate book party at the @guggenheim last night — @katiecouric @meredithshep @sophiabush and others getting down with the music and feeling the love!,4/7/2018,1
16,Sally Kohn,sallykohn,influencer,"About last night... @hansen_sarah’s favorite night of the year, when the @nyphilharmonic performs in @prospect_park. She spent all day cooking a gorgeous picnic — summer rolls, cilantro chutney chicken, a bean broccoli and tahini salad, and a nectarine galette. The music and company were delicious too! 💚",6/16/2018,1
17,Sally Kohn,sallykohn,influencer,"My father-in-law @principalmoose, king of the kayak. #kohncadia2018",7/18/2018,1
18,Sally Kohn,sallykohn,influencer,"WHAT ARE REPUBLICANS AFRAID OF?!?? To be clear there no guarantee Mitch McConnell won’t try to persuade Flake to backdown and still rush a floor vote if he can, ignoring the Judiciary Committee “deal.” It’s not binding. And Trump and Senate Republican leaders have made clear all along that they don’t care about the truth and will confirm Kavanaugh no matter what. So this still isn’t over. We need a FULL AND COMPLETE investigation and if Republicans oppose finding the truth, they’ll find us waiting on Election Day.",9/28/2018,1
19,Sally Kohn,sallykohn,influencer,"My offering for this moment, which just happens to coincide with what would have been Gandhi’s 149th birthday and reminds us that the struggle for justice is never quick nor easy. But it is beautiful. Heartbreaking at times, yes, but beautiful. Your sadness, your righteous anger and your protest is beautiful. We must not surrender to inequity and injustice and violence and darkness. We must — and we will — continue to fight. Onward, brothers and sisters. I believe that we will win! ✊🏻✊🏼✊🏽✊🏾✊🏿",10/5/2018,1
20,Sally Kohn,sallykohn,influencer,"** THE MOST ENCOURAGING CHART OF THIS CYCLE ** ⁣
⁣
Glimmers of hope not just for today but the future. We have work to do. But in spite of too many resentful, regressive voters in red states and districts that are disproportionately red because of gerrymandering, there are signs that most Americans are steadily moving in the direction of fairness, equality and justice FOR ALL. ⁣
⁣
(Plus the coalition of black men and women, Latinx voters, young people and progressive whites who helped flip the House last night comprise not only the right side of history but the growing numbers of our present. So there’s that!) ⁣
⁣
And in spite of gerrymandering and voter suppression, just elected the most diverse Congress in history! ⁣
⁣
[ chart via @nytimes ]",11/7/2018,1
1,Katy Perry,katyperry,influencer,G2G my whip is here 💁,11/17/2014,0
2,Katy Perry,katyperry,influencer,My parents are on my last Christmas nerve 🙍🎄,12/25/2014,0
3,Katy Perry,katyperry,influencer,I thought it would be appropriate to draw blood tonight... XLIX 🔥,2/2/2015,0
4,Katy Perry,katyperry,influencer,✂👦️I asked for the Kris Jenner👦✂️,4/1/2015,0
5,Katy Perry,katyperry,influencer,"Greece, it was love at first sight. Evil eyes of protection painted toes by @nailsbymh",6/21/2015,0
6,Katy Perry,katyperry,influencer,"42, 43, 46?!",7/27/2015,0
7,Katy Perry,katyperry,influencer,tbt my bro & I cut from the same cloth,8/20/2015,0
8,Katy Perry,katyperry,influencer,Ahhh the life of a pan flute retiree...,9/30/2015,0
9,Katy Perry,katyperry,influencer,"#Repost @hillaryclinton
I'm here in Iowa, but meanwhile back at home, my niece… #itrunsinthefamily -Katy",10/24/2015,0
10,Katy Perry,katyperry,influencer,🎄🎅🏼Be in the season! Go behind the scenes of my #HappyandMerry campaign with @hm🎅🏼🎄,11/25/2015,0
11,Katy Perry,katyperry,influencer,nbd just asking Warren Buffett his thoughts on cryptocurrency,11/29/2017,1
12,Katy Perry,katyperry,influencer,#fbf of Grandma Ann and I casually sitting under the🎄this year 📸 @nadialeelee 👠 @katyperrycollections,12/29/2017,1
13,Katy Perry,katyperry,influencer,when you crave companionship but run from love when you get it 💁🏼‍♀️❤️#happymadeupholidayofforcedlove #ilovemyself #iloveyoutoo,2/14/2018,1
14,Katy Perry,katyperry,influencer,"Okay fine, Jo'burg! I'll stay an extra day! 😘💚 So excited to announce a THIRD show on July 21. 🎟 on sale Friday at 9:00a! 👁 More info at katyperry.com/tour",3/14/2018,1
15,Katy Perry,katyperry,influencer,"Apparently today is #EatWhatYouWantDay. I don’t get a made up holiday but I’ll take this one 🙋🏼‍♂ 💁🏼‍♀ If you want to indulge in a different way, you can eat up these 👡 at katyperrycollections.com 😜😘",5/11/2018,1
16,Katy Perry,katyperry,influencer,"Hello Perth ♥️ Doing a little reflecting on how far I’ve come, and how far I’ve yet to go 🌱 I’m SO grateful for this journey and am looking forward to a new chapter as I wrap up this YEAR long worldwide massive tour in Australia and New Zealand 🙏🏼 16 more shows to go... #yougotthiskatheryn 📸 @timsek",7/24/2018,1
17,Katy Perry,katyperry,influencer,"One year ✅
6 continents ✅
113 shows ✅
Witness: The Tour has been the most rewarding experience. I continue to be grateful that you let my music into your ♥️ and minds.
Now 😴",8/27/2018,1
18,Katy Perry,katyperry,influencer,And that my friends is the cherry on top of a wonderful era. I see you and I love you ❤️🧡💛💚💙😴,9/17/2018,1
19,Katy Perry,katyperry,influencer,"#TBT to when I got to ✔ another one off my bucket list and sing with the LA Philharmonic @laphil, conducted by the living legend @gustavodudamel to celebrate their 100th season 🎇",10/4/2018,1
20,Katy Perry,katyperry,influencer,periodt. #voting,11/6/2018,1
1,Lady Gaga,ladygaga,influencer,"Signing Cheek To Cheek in Milan, loving life and dreaming big.",11/3/2014,0
2,Lady Gaga,ladygaga,influencer,"Meryl is a truly remarkable woman through and through. It was such a joy to be with her. Really made me smile, a kindness beyond.",12/8/2014,0
3,Lady Gaga,ladygaga,influencer,"Incredible Wael Shawky's newest work, made of blown glass...marionettes with lights inside them, the eyeballs even move! You must go to Moma to see the films. In motion they are more magical than people! And his message of ambition and peace, for the ages...eternal art.",2/1/2015,0
4,Lady Gaga,ladygaga,influencer,"Fashion Alex Wang for Balenciaga with Mr. Bennett. We do cocktail hour, it's just after the show. We got business to handle.",4/12/2015,0
5,Lady Gaga,ladygaga,influencer,What an honor to have a few moments with the world watching. Could you imagine. What would you say?,6/12/2015,0
6,Lady Gaga,ladygaga,influencer,"Long Live McQueen. Look monsters, we got a sign of love from the beyond. 💀. Photo by the babes",7/26/2015,0
7,Lady Gaga,ladygaga,influencer,Some people read tea leaves...others....ashes in bleach.,8/17/2015,0
8,Lady Gaga,ladygaga,influencer,WELL SLEEP WHEN WERE DEAD but we're having so much fun we this we already are #NYFW #Fashion #creative,9/14/2015,0
9,Lady Gaga,ladygaga,influencer,MSGM thank you for this killer dress really felt ready to rock it in pink!,10/8/2015,0
10,Lady Gaga,ladygaga,influencer,"The true joy of the evening was escorting Nick Knight to the stage as he accepted The Isabella Blow Award for Creativity. This award is a long time coming for a true genius, so ahead of his time and a gift to us all who are blessed to work with him and experience his magic.",11/24/2015,0
11,Lady Gaga,ladygaga,influencer,I️ might not be flawless but you know I️ gotta diamond heart.,11/4/2017,1
12,Lady Gaga,ladygaga,influencer,"Today before the show the @btwfoundation and I volunteered for @teamrubicon. They are a team of Veterans and first responders joining forces to provide disaster relief. These people are amazing, and a wonderful place to donate to, I saw (and did) first hand the hard work they do and it’s amazing. Donate to them if you want to give back they are a blessing! 🙏",12/3/2017,1
13,Lady Gaga,ladygaga,influencer,"I love you, monsters ❤️",2/3/2018,1
14,Lady Gaga,ladygaga,influencer,"Thank you so much to all the little monsters who wrote these thoughtful lovely notes to me. I am deeply touched and grateful. @btwfoundation is growing everyday and working hard to spread empowerment and bravery with a strong focus on Mental Health. I can’t wait to tell my story, we all have one.",3/9/2018,1
15,Lady Gaga,ladygaga,influencer,It’s been 10 years since I released Just Dance.,4/9/2018,1
16,Lady Gaga,ladygaga,influencer,Tiny Dancer flies her way to the Rocket Man.,5/12/2018,1
17,Lady Gaga,ladygaga,influencer,Had to stop at my dad’s new restaurant with @thechefartsmith. It’s called @artbirdnyc if you want killer fried chicken n’ more at Grand Central Station food concourse in NYC.,7/13/2018,1
18,Lady Gaga,ladygaga,influencer,"Shallow is out now! Watch the music video featuring scenes from the film, link in bio! 💝 Both the film and the soundtrack are out ‪on 10/5‬. #AStarIsBorn",9/27/2018,1
19,Lady Gaga,ladygaga,influencer,A STAR IS BORN,10/5/2018,1
20,Lady Gaga,ladygaga,influencer,Thank you @starbucks for working with @btwfoundation to spread kindness and bravery on #worldkindnessday #bekind That’s my mom second from the left. She has always set an example of kindness for our whole family and I’m so in awe of all the work her and Maya do with the foundation to encourage kindness and empower youth to inspire a kinder and braver world.,11/13/2018,1
1,Kendall Jenner,kendalljenner,influencer,my cover of @dazedmagazine 😉,11/25/2014,0
2,Kendall Jenner,kendalljenner,influencer,me by #DavidSims and @KEGrand for @marcjacobsintl campaign SS15,1/8/2015,0
3,Kendall Jenner,kendalljenner,influencer,no you're cool. named British GQs #1 coolest woman?!,1/21/2015,0
4,Kendall Jenner,kendalljenner,influencer,ask and you shall receive. selfie for all 20 mill of you 😘 thanks for all the love,2/24/2015,0
5,Kendall Jenner,kendalljenner,influencer,cover of Harpers Bazaar shot by @karllagerfeld,4/9/2015,0
6,Kendall Jenner,kendalljenner,influencer,thank you for last night @calvinklein @costafrancisco @esteelauder,5/5/2015,0
7,Kendall Jenner,kendalljenner,influencer,little tease at the new #ad @CalvinKlein underwear 😉 #MyCalvins,7/8/2015,0
8,Kendall Jenner,kendalljenner,influencer,baby face in September Vogue #InezAndVinoodh,8/17/2015,0
9,Kendall Jenner,kendalljenner,influencer,2 Vogue covers in 2 days!!! what is life?! @vogueparis cover shot by #DavidSims,9/19/2015,0
10,Kendall Jenner,kendalljenner,influencer,shooting with the bestie and @jonathansimkhai for @voguemagazine November >,10/22/2015,0
11,Kendall Jenner,kendalljenner,influencer,honored and humbled to be able to attend the Golden Globes with @voguemagazine . my eyes were opened and my heart is full seeing all of the men and women who were a part of this vital change! i too stand with all women. #TimesUp,1/8/2018,1
12,Kendall Jenner,kendalljenner,influencer,never before seen 2016 @mertalas @macpiggott,2/2/2018,1
13,Kendall Jenner,kendalljenner,influencer,thrilled to cover @voguemagazine's April dreamers issue!! Vogue continues to make my dreams come true. ❤️ shot by my babies @mertalas @macpiggott,3/14/2018,1
14,Kendall Jenner,kendalljenner,influencer,heavenly hungover,5/8/2018,1
15,Kendall Jenner,kendalljenner,influencer,they let me bring my camera into The Met @voguemagazine 😘,5/15/2018,1
16,Kendall Jenner,kendalljenner,influencer,thank you @versace @donatella_versace 🖤,6/17/2018,1
17,Kendall Jenner,kendalljenner,influencer,sister @kyliejenner,7/17/2018,1
18,Kendall Jenner,kendalljenner,influencer,we’re 21 bitch,8/10/2018,1
19,Kendall Jenner,kendalljenner,influencer,inner peace is the mission,10/5/2018,1
20,Kendall Jenner,kendalljenner,influencer,thank you for letting us steal your wings for the night @victoriassecret,10/31/2018,1
1,Justin Bieber,lilbieber,influencer,"It's easy to love when you feel it, but love when it's hard to love.",11/8/2014,0
2,Justin Bieber,lilbieber,influencer,Had to hit the game winner today at the gym,12/12/2014,0
3,Justin Bieber,lilbieber,influencer,Not about what you do but who u do it with. Love these guys!,2/5/2015,0
4,Justin Bieber,lilbieber,influencer,"Had fun with u Ariana, even tho I forgot all the words haha",3/28/2015,0
5,Justin Bieber,lilbieber,influencer,"I just landed in Europe, shopping bags I'm a tourist",4/14/2015,0
6,Justin Bieber,lilbieber,influencer,Get off ur phone,5/30/2015,0
7,Justin Bieber,lilbieber,influencer,Where should i go,6/14/2015,0
8,Justin Bieber,lilbieber,influencer,What Do You Mean? @kyliejenner #25Days,8/3/2015,0
9,Justin Bieber,lilbieber,influencer,Is it too late?,10/22/2015,0
10,Justin Bieber,lilbieber,influencer,Sometimes it feels like the worlds on my shoulders,11/4/2015,0
11,Justin Bieber,lilbieber,influencer,My spirit animal shout out TANDY FOR THE WIN,11/29/2017,1
12,Justin Bieber,lilbieber,influencer,I️ love continuing to get to know my father I️ love working through hard things to get to the good things.. relationships are worth fighting for especially with family!! Love you forever and always daddy!,12/4/2017,1
13,Justin Bieber,lilbieber,influencer,"Loved this performance. So much prep for a performance like this, memorization, hits, choreography, while not running out of breath and singing in tune! you stayed in pocket effortlessly. You are a natural born performer and you make people all around the world smile when you are on that stage!! Loved cheering you on brotha!, oh and by the way didn’t know you were a blood! KIDDING! Again kudos JT @justintimberlake",2/4/2018,1
14,Justin Bieber,lilbieber,influencer,It’s time I introduced you to my brother Tony Bieber,3/21/2018,1
15,Justin Bieber,lilbieber,influencer,"You taught me everything
Everything you've given me
I'll always keep it inside
You're the driving force in my life, yeah
There isn't anything
Or anyone that I could be
And it just wouldn't feel right
If I didn't have you by my side
You were there for me to love and care for me
When skies were gray
Whenever I was down
You were always there to comfort me
And no one else can be
What you have been to me you will always be
You will always be the girl
In my life for all times",5/13/2018,1
16,Justin Bieber,lilbieber,influencer,Your a beautiful person Posty! Truly an honor to know you my brother!,6/29/2018,1
17,Justin Bieber,lilbieber,influencer,Thanks for signing my shoes bron bron,9/7/2018,1
18,Justin Bieber,lilbieber,influencer,Esther is SUPER DOG FOR HALLOWEEN,10/31/2018,1
19,Justin Bieber,lilbieber,influencer,I’m Canadian and normally don’t post about US politics but I respect these two handsome gentlemen way too much. So when asked to post by them I said yes. Everyone should have their voices heard and I hope this week everyone who can vote does and feels valued.,11/3/2018,1
20,Justin Bieber,lilbieber,influencer,My prayers are with Corentin and his family. Corentin is the man behind the camera at Shots. He was hit by a car while crossing the street and the driver took off. He’s in critical condition with friends and family by his side. My heart is also with the Shots Family.,11/15/2018,1
1,Lebron James,kingjames,influencer,"S/O my homie @dontehitner31! First place in the AFC North. I see u hitting em with ""The Silence"" out there! Keep going. #TheLand #StriveForGreatness",11/11/2014,0
2,Lebron James,kingjames,influencer,"As a society how do we do better and stop things like this happening time after time!! I'm so sorry to these families. Violence is not the answer people. Retaliation isn't the solution as well.
#PrayersUpToTheFamilies #WeHaveToDoBetter",11/24/2014,0
3,Lebron James,kingjames,influencer,This very moment will be forever remembered and put up in my house. It's all good and all smiles on this side. #Royalty #StriveForGreatness #RWTW #LRMR #Klutch,12/8/2014,0
4,Lebron James,kingjames,influencer,On this bird celebrating a great night for OHIO!! THE Ohio State Buckeyes are National Champions!! #OH,1/13/2015,0
5,Lebron James,kingjames,influencer,Come home from practice and @mrs_savannahrj in the weight room. She ain't playing around man! Nothing like having motivation right next to you. Get it Gorgeous! #JamesGang #StriveForGreatness,2/10/2015,0
6,Lebron James,kingjames,influencer,"Looking in the mirror tonight after a tough lost of my part like You're your biggest challenge, competition, drive, obstacle, motivation, etc so it's nothing u haven't seen before! Back in the lab tomorrow to continue the drive to striving to be the Greatest I've ever seen! #StriveForGreatness",3/1/2015,0
7,Lebron James,kingjames,influencer,My Easter evening consist of this. Vino and relaxation!!,4/5/2015,0
8,Lebron James,kingjames,influencer,How I felt at the time and still do! Kona Hawaii. Fresh Spring Waterfall,7/23/2015,0
9,Lebron James,kingjames,influencer,Start of the morning spin class at my other home Nike HC with part of Team LeBron. We all #StriveForGreatness together. Oh who ever didn't show this morning owe me suicides. Hahaha!,8/24/2015,0
10,Lebron James,kingjames,influencer,I refuse to accept anything less than not working! It will never be because I didn't put in the work. #StriveForGreatness #258,9/23/2015,0
11,Lebron James,kingjames,influencer,Keep going! Accept nothing less than being great! Anything else is not warranted. #striveforgreatness🚀 #youngking👑,12/10/2017,1
12,Lebron James,kingjames,influencer,I see you my G!! Out there working in those 🔥🔥🔥🔥🔥on your feet!! @quavohuncho #striveforgreatness🚀 #kickgamecray🔥 #youngking👑,1/5/2018,1
13,Lebron James,kingjames,influencer,A night out in the town with Sam ‘Ace‘ Rothstein and Ginger McKenna(before she went loco and took his stash though haha!) @klutchsports dinner was AMAZING once again! #KingxQueen🤴🏾,2/18/2018,1
14,Lebron James,kingjames,influencer,For the culture! S/O my folks in the “305”. Always love forever! #LeBronWatch “South Beach”,3/28/2018,1
15,Lebron James,kingjames,influencer,Man what!?!?! First time he ever tried that in a game today! And it was someone kinda trailing him behind too! Surprised not only me but everyone in the gym. Man o Man! #JamesGang👑. #repost @slamonline,6/24/2018,1
16,Lebron James,kingjames,influencer,Nothing like being inside the place where it all started putting in work! Felt as great as anything could feel. Love what St.V did for me while I attended and in return i just try to make you proud! #irishpride🍀 #striveforgreatness🚀 p.s. Of course my guy @mikemancias1 is always by my hip on alert! 👀 Yes sir brother!!,8/1/2018,1
17,Lebron James,kingjames,influencer,Nothing in this world is more POWERFUL than Colored Women!! Thank you all for continuing to not settled and setting great examples in life for some many looking up to you for inspiration/guidance and love!! My daughter is watching! #WomenPower💪🏾❤️👑,8/8/2018,1
18,Lebron James,kingjames,influencer,"I’m so proud of the team we’ve built. This cover photo shows you the great people who work everyday to create amazing stories.
Everyone reads about all these projects we’re doing- it’s because of the amazing people you see in this picture.
I want to thank each of every one of you for all your hard work and dedication. We are changing the game. Hard copies coming so you can send em to your friends and family! @springhillent @uninterrupted",9/20/2018,1
19,Lebron James,kingjames,influencer,I SINCERELY Thank and Appreciate my brother @justintimberlake and his beautiful wife @jessicabiel on visiting my kids @ipromiseschool!! I bet they were so ecstatic to see you guys!! Well I bet the teachers and faculty was too! Ha! Looked like a great time. Means a lot to me for you guys to take time out of y’all busy schedule and I know it meant a lot to my kids too! THANK YOU GUYS AGAIN SO MUCH!!!! 🙌🏾🙏🏾❤️ #JustKidsFromAkron👑 #WeAreFamily,10/3/2018,1
20,Lebron James,kingjames,influencer,She controls the music when she rides with me. The Boss aka Baby Z! 🤷🏾‍♂️ “Love is an Open Door” from Frozen soundtrack 🎶 #MyPrincess👸🏽,10/15/2018,1
1,Alisha Marie,alisha,influencer,thank you to each and every one of you who came to our meet & greet!! it means the world!!! love youuuu!!!! ♡,11/23/2014,0
2,Alisha Marie,alisha,influencer,"this is my bae...we're in a committed relationship ♡

ps...what is your fav drink from #starbucks or any other coffee shop?! I want to try new things!! you guys have to try a ""zebra hot chocolate"" it's literally amazing!!! :)",1/27/2015,0
3,Alisha Marie,alisha,influencer,"palm trees and polaroids ♡

ps...filming a super exciting video today! follow me on snapchat for some sneak peeks ->> LidaLu11 alsooo, what are your spring break plans?! :)",3/1/2015,0
4,Alisha Marie,alisha,influencer,"straight hair don't care ♡

ps..want to see a secret fashion haul i did? this top may be in it hehe here is the link!
http://www.amazon.com/dp/B00WTPHC2S/ref=va_vdp_sh1 alsooo, how did you style your hair today?? tell me in the comments!! :) #ad",4/29/2015,0
5,Alisha Marie,alisha,influencer,"take me to neverland ♡

ps.. don't forget to add me on snapchat so you can see me traveling in europe! add me!! ""LidaLu11"" alsooo, what is your fav disney movie? i literally love them all i can't pick just one!! :)",5/26/2015,0
6,Alisha Marie,alisha,influencer,"feelin summer vibes ♡

ps..who wants to win all of my summer essentials including this @pennyskateboards ?? stay tuned for next week's video!! also, what color penny board would you get?? :) @ubykotex #underwarrior #savetheundies",6/23/2015,0
7,Alisha Marie,alisha,influencer,"throwback to that one time at coachella ♡

ps...thank you SO much for 900,000 followers! getting so close to a million..whaaatttt?!? love you guys! question of the day, when did you start following me / how did you find out about my channel?! 💞",7/23/2015,0
8,Alisha Marie,alisha,influencer,"talk nerdy to me ♡

ps...who loves school supply shopping?! I'm giving away some amazing school supplies with @ubykotex !! watch my school supplies haul! link in my bio! alsooo, when do you start school? i start the 30th ahh #savetheundies #underwarrior 💞📚✨",8/13/2015,0
9,Alisha Marie,alisha,influencer,"let's make some memories together ♡
ps...currently traveling the country and its amazing! come see us on tour #girlsnightin !! copy and paste this link:: bit.ly/GNIAlishaM alsoooo, what city do you live in? we're currently in minneapolis and it's gorgeous! 💞💞",10/1/2015,0
10,Alisha Marie,alisha,influencer,"red lip classic ♡

ps...i miss you guys!! editing a vlog & main channel video! i was super sick the past week with strep 😷 but i'm feeling way better! thanks for all the get well wishes!! question of the day, what's your fav song? 💞🎧",10/23/2015,0
11,Alisha Marie,alisha,influencer,"id like to personally thank the #amas for having a backdrop that fits my Instagram feed haha ♡

ps..yesterday’s video link in my bio! ❤️✨
hair: @jenloura
styled by: @desireemorales
dress: @asos
shoes: @amiclubwear
jewelry: @dejewelry_usa
epic time lapse: @tommylundberg",11/20/2017,1
12,Alisha Marie,alisha,influencer,"when it’s cold but you don’t need no man cause you got a best friend haha ♡
ps..tag your bff @miastammer 💞❄️ #snow #travel #bigbear #bestfriend #bff",1/23/2018,1
13,Alisha Marie,alisha,influencer,Wow!! We hit 7 million subscribers and I’m speechless!! I always say this but I don’t deserve you guys...you’ve changed my life thank you thank you thank you!! I’ll keep making videos as long as you want me to! Thanks for letting me share my life with you! 😭🎉🙌🏼7️⃣💖🌴 #thankful #celebrate #party #alishamarie,2/25/2018,1
14,Alisha Marie,alisha,influencer,"spends 10 min trying to get a candid photo haha ♡

ps..chicago!! surprise meet up this saturday! come see a special movie screening of @miracleseason at the regal city north stadium from 11am - 4pm and hang out with me! only 200 spots so come early!! #livelikeline #themiracleseason #ad",3/29/2018,1
15,Alisha Marie,alisha,influencer,"calories don’t count on your birthday right?! haha ♡

ps..thank you all SO much for all of the videos / tweets / edits/ all the birthday love!! You’ve legit changed my life and I can’t thank you enough! It all means so much!! 😭🙌🏼💞🎂✨ #cake #birthday #birthdaycake #bday #bdaygirl",4/5/2018,1
16,Alisha Marie,alisha,influencer,"hiii instagram ♡

ps..if you didn’t see my newest video (link in bio) i decided to take a break from my channel rn..i explain everything in the video but just know i love you guys and i’m so thankful for everything..you guys are amazing!! seriously overwhelmed with all the support!! @revolve #revolvearoundtheworld
#revolve #fashionblogger #majorelle #losangeles #summer",5/16/2018,1
17,Alisha Marie,alisha,influencer,"thanks for the memories greece ♡
ps..my first greece vlog is up!! link in my bio! if you had a free ticket to go anywhere in the world where would you go?! 💞✨🌊📸 #greece #polaroid #bestfriends #travel #wanderlust #santorini #athens #mykonos",6/9/2018,1
18,Alisha Marie,alisha,influencer,"thanks agenda festival for involuntarily being my aesthetic ♡

ps..new vlog is up!! also, what videos do you want to see on my main channel?! 💞✨📸😱",7/18/2018,1
19,Alisha Marie,alisha,influencer,"waiting to find jack dawson so he can draw me like one of his french girls ♡

ps..what city do you live in? ⛲️🇫🇷 @benefitcosmetics #friendswithbenefit",8/7/2018,1
20,Alisha Marie,alisha,influencer,"reading comments on my new video liiikkkeeee... ♡

ps..new video link in my bio!! @ashnichole_xo went shopping for me at gucci and it gets awkward..haha please know this video is completely for fun!! I almost cut out all the sister banter but thought it was funny..if you have a sister you know haha i’m super grateful and got awkward cause it was so expensive..glad a lot of you love it tho and see how it’s just for fun!! 💞💻✨",10/7/2018,1
1,Brooklyn and Bailey McKnight,brooklynandbailey,influencer,I don't think our personalities could be more obvious then they are in this pic😂,11/7/2014,0
2,Brooklyn and Bailey McKnight,brooklynandbailey,influencer,"If you haven't already watched last week's video of our @Oreo challenge, simply click the link in our bio! We ❤️🍪's!",12/10/2014,0
3,Brooklyn and Bailey McKnight,brooklynandbailey,influencer,HAPPY BIRTHDAY TO THE CUTEST LITTLE SISTER EVER! Your so sweet and adorable 💗 happy fourth b-day!,2/10/2015,0
4,Brooklyn and Bailey McKnight,brooklynandbailey,influencer,New video is up!! Link is in our bio! We were so happy we got to meet those of you who came to our @psfromaero meet up! And for those of you that we didn't get to meet hopefully we can see you next time!😊,3/4/2015,0
5,Brooklyn and Bailey McKnight,brooklynandbailey,influencer,It's hard to believe it over but it is! Our last dance performance for this school year went great! Here is a cute pic of my besties (missing a few guys but eh it works😂) love these girls😍,4/26/2015,0
6,Brooklyn and Bailey McKnight,brooklynandbailey,influencer,"Just in time for #MothersDay! 💐 Click the video link in our bio to see how well we know our mom @cutegirlshairstyles! ❤️ also, be sure to watch 'til the end to see what our mom says about our grandma!",5/6/2015,0
7,Brooklyn and Bailey McKnight,brooklynandbailey,influencer,"Another cliche picture of the mountains:) Also, Brooklyn and I were thinking about doing a #askBandB video so comment below (using the hashtag) any questions you want us to answer in the video!",6/14/2015,0
8,Brooklyn and Bailey McKnight,brooklynandbailey,influencer,Thanks to all 600 of you wonderful people who came to see us in Edinburgh today!😘😘😘,7/17/2015,0
9,Brooklyn and Bailey McKnight,brooklynandbailey,influencer,It's crazy how your best friend can know you better than you know yourself😍 #ootds,8/16/2015,0
10,Brooklyn and Bailey McKnight,brooklynandbailey,influencer,It's a red sort of day😏♥️ #red #Texans #redzone #church,9/13/2015,0
11,Brooklyn and Bailey McKnight,brooklynandbailey,influencer,"What happens when #GivingTuesday and @girlupcampaign come together? 👀 #SchoolCycle! We are super excited to be partnering with #GirlUp to help raise money to give 1,000 girls in Malawi bikes to get to school!! Distance shouldn't keep a girl out of school 📓📚✏️ Click link in bio to donate! @fabletics is matching all donations so all donations will be DOUBLED TODAY ONLY!",11/28/2017,1
12,Brooklyn and Bailey McKnight,brooklynandbailey,influencer,We are channeling our inner Santa’s Helpers! 🎅🏼Looking for the perfect holiday gift for your friends? 🎁Click link in bio to check out some of our suggestions like these CUTE socks! 🧦 *VLOGMAS ALERT* Y’all we are SO EXCITED! We are doing 12 DAYS OF VLOGMAS and it starts TODAY!,12/13/2017,1
13,Brooklyn and Bailey McKnight,brooklynandbailey,influencer,"Beach bums🌞
please keep comments positive:)",1/27/2018,1
14,Brooklyn and Bailey McKnight,brooklynandbailey,influencer,"🔥Dropping hints about our NEW MERCH item coming tomorrow in video at 4 pm CST! Can you guess what it is??
•limited quantities so be ready ⭐️Bonus: you get TWO videos this week with a collab video with @iisuperwomanii coming Thursday at 4 pm CST⭐️",2/27/2018,1
15,Brooklyn and Bailey McKnight,brooklynandbailey,influencer,Our prank today on the rest of the #kcaprankstars was totally dripping with fun😉 Vote for us to get slimed tomorrow by posting on IG or twitter using #BBSquad! GO GO GO,3/22/2018,1
16,Brooklyn and Bailey McKnight,brooklynandbailey,influencer,When you try to dress like Kim Possible but people tell you it doesn’t work since you don’t have red hair,4/8/2018,1
17,Brooklyn and Bailey McKnight,brooklynandbailey,influencer,Couldn’t have found myself a better prom date ❤️,4/16/2018,1
18,Brooklyn and Bailey McKnight,brooklynandbailey,influencer,When your unicorn floatie is bigger than you 😂🦄 Click link in bio to check out our favorite swimsuits for the summer! You don't want to miss it! Go! Go! Go!,5/2/2018,1
19,Brooklyn and Bailey McKnight,brooklynandbailey,influencer,When Instagram picks your eyeshadow! ❤️ We let Instagram (aka YOU!!) decide our day for 24 hours! Click link in bio to see how your votes controlled our day!,6/20/2018,1
20,Brooklyn and Bailey McKnight,brooklynandbailey,influencer,"Throwback pic from our meet-ups @JCPenney! We loved meeting all 4,000+ of you!! If you haven’t already, go check out our curated @ArizonaJeanCo looks - seriously some cute stuff😍#AZYouAre #ad
",8/2/2018,1